input,lon,lat,status,distance_to_nature_m,date,quarter,house_id,house_type,sales_type,year_build,purchase_price,%_change_between_offer_and_purchase,no_rooms,sqm,sqm_price,address,zip_code,city,area,region,nom_interest_rate%,dk_ann_infl_rate%,yield_on_mortgage_credit_bonds%,Efficiency_Era,full_address,city_median_sqm_price,Price_Deviation_%,Nature_Proximity
"Mørkhøjvej 237E, 2860 Søborg",12.47222174,55.72755089,success,2150.05781021986,2024-06-03,2024Q2,7697,Townhouse,regular_sale,2016,4850000,-2.0,5,138.0,35144.926,Mørkhøjvej 237E,2860,Søborg,"Capital, Copenhagen",Zealand,3.6,1.13,4.34,B/A (High Efficiency),"Mørkhøjvej 237E, 2860 Søborg",25953.947265625,35.412642329739555,Close (1-5km)
"Klostervej 28E, 2. mf, 5000 Odense C",10.38081013,55.39883538,success,13228.32552508284,2023-06-01,2023Q2,98758,Apartment,regular_sale,2009,2850000,-2.0,3,95.0,30000.0,"Klostervej 28E, 2. mf",5000,Odense C,Fyn & islands,Fyn & islands,2.6,3.31,4.79,C (Modern),"Klostervej 28E, 2. mf, 5000 Odense C",21551.724609375,39.19999695500007,Distant (>10km)
"Tårupvej 22, 8963 Auning",10.38102625,56.43717777,success,55946.11832294132,2022-03-31,2022Q1,191298,Villa,other_sale,1976,1500000,0.0,6,200.0,7500.0,Tårupvej 22,8963,Auning,East & mid jutland,Jutland,0.0,7.7,3.73,E (Minimal),"Tårupvej 22, 8963 Auning",7692.3076171875,-2.4999990478515532,Distant (>10km)
"Fynsvej 50, 4000 Roskilde",12.09919533,55.66042239,success,4242.6613706389535,2022-07-06,2022Q3,166674,Villa,regular_sale,1968,6200000,-1.0,7,205.0,30243.902,Fynsvej 50,4000,Roskilde,Other islands,Zealand,0.0,7.7,3.73,E (Minimal),"Fynsvej 50, 4000 Roskilde",21404.109375,41.29951316299513,Close (1-5km)
"Bredengen 32, 4000 Roskilde",12.01706019,55.63941616,success,9577.016077817456,2022-09-01,2022Q3,155012,Villa,regular_sale,1967,3700000,-7.0,6,185.0,20000.0,Bredengen 32,4000,Roskilde,Other islands,Zealand,0.0,7.7,3.73,E (Minimal),"Bredengen 32, 4000 Roskilde",21404.109375,-6.559999065599991,Nearby (5-10km)
"Vangede Bygade 122, 2820 Gentofte",12.51952229,55.74784036,success,674.0248613854412,2024-03-10,2024Q1,28898,Villa,regular_sale,1943,10500000,-5.0,7,205.0,51219.51,Vangede Bygade 122,2820,Gentofte,"Capital, Copenhagen",Zealand,3.6,1.13,4.34,G/F (Pre-Insulation),"Vangede Bygade 122, 2820 Gentofte",29230.76953125,75.22464355237825,Immediate (<1km)
"Rønnevej 16, 7323 Give",9.24710155,55.84290738,success,57529.53687216328,2023-04-02,2023Q2,112927,Villa,regular_sale,1968,1875000,-1.0,6,230.0,8152.174,Rønnevej 16,7323,Give,South jutland,Jutland,2.6,3.31,4.79,E (Minimal),"Rønnevej 16, 7323 Give",7518.1396484375,8.4333918939544,Distant (>10km)
"Sdr. Strandvej 66, 3770 Allinge",14.84729014,55.24538797,success,155342.64274608655,2023-03-12,2023Q1,117729,Villa,regular_sale,1900,1510000,-16.0,6,147.0,10272.108,Sdr. Strandvej 66,3770,Allinge,Bornholm,Bornholm,1.75,3.31,4.79,G/F (Pre-Insulation),"Sdr. Strandvej 66, 3770 Allinge",10568.181640625,-2.80155330647771,
"Skovbakkevej 35B, 8220 Brabrand",10.10893558,56.1578658,success,67370.537024979,2024-01-14,2024Q1,43325,Townhouse,regular_sale,1985,3175000,-2.0,4,105.0,30238.096,Skovbakkevej 35B,8220,Brabrand,East & mid jutland,Jutland,3.6,1.13,4.34,D (Standard),"Skovbakkevej 35B, 8220 Brabrand",18070.865234375,67.33064693330284,Distant (>10km)
"Ved Stormklokken 5, 6100 Haderslev",9.48439559,55.25229886,success,25269.858390639143,2023-09-03,2023Q3,77828,Townhouse,regular_sale,1877,1145000,0.0,2,65.0,17615.385,Ved Stormklokken 5,6100,Haderslev,South jutland,Jutland,3.1,3.31,4.79,G/F (Pre-Insulation),"Ved Stormklokken 5, 6100 Haderslev",9858.14892578125,78.68856413354493,Distant (>10km)
"Kromarken 16, 3480 Fredensborg",12.35124966,55.97782167,success,7994.77099892717,2023-03-21,2023Q1,115831,Summerhouse,regular_sale,1992,2760000,-15.0,3,107.0,25794.393,Kromarken 16,3480,Fredensborg,North Zealand,Zealand,1.75,3.31,4.79,D (Standard),"Kromarken 16, 3480 Fredensborg",19707.6396484375,30.88524571317744,Nearby (5-10km)
"Grundvej 3, 4591 Føllenslev",11.34859214,55.75612171,success,52159.69060377842,2023-05-02,2023Q2,105990,Summerhouse,regular_sale,1962,1351333,13.0,3,36.0,37537.027,Grundvej 3,4591,Føllenslev,Other islands,Zealand,2.6,3.31,4.79,E (Minimal),"Grundvej 3, 4591 Føllenslev",10142.0458984375,270.11297049575586,Distant (>10km)
"Enighedsvej 2, 1. tv, 2920 Charlottenlund",12.57075399,55.7518628,success,2281.110671514648,2023-05-22,2023Q2,101521,Apartment,regular_sale,1934,5895000,4.0,4,98.0,60153.062,"Enighedsvej 2, 1. tv",2920,Charlottenlund,"Capital, Copenhagen",Zealand,2.6,3.31,4.79,G/F (Pre-Insulation),"Enighedsvej 2, 1. tv, 2920 Charlottenlund",35919.5390625,67.46613144264927,Close (1-5km)
"Lille Havdrupvej 4, 4622 Havdrup",12.15645353,55.5475453,success,7801.118707118831,2024-04-21,2024Q2,18410,Farm,regular_sale,1972,6100000,-9.0,6,163.0,37423.312,Lille Havdrupvej 4,4622,Havdrup,Other islands,Zealand,3.6,1.13,4.34,E (Minimal),"Lille Havdrupvej 4, 4622 Havdrup",16157.89453125,131.6100803085566,Nearby (5-10km)
"Lyngvej 5, 3220 Tisvildeleje",12.10388822,56.04775118,success,10805.778766723424,2022-03-31,2022Q1,191322,Summerhouse,family_sale,1944,4300000,0.0,5,149.0,28859.06,Lyngvej 5,3220,Tisvildeleje,North Zealand,Zealand,0.0,7.7,3.73,G/F (Pre-Insulation),"Lyngvej 5, 3220 Tisvildeleje",19166.666015625,50.56901666334975,Distant (>10km)
"Nørholmvej 6, 7361 Ejstrupholm",9.30486077,55.98330898,success,48482.64485938373,2024-02-26,2024Q1,31721,Villa,regular_sale,1977,2745000,-4.0,7,244.0,11250.0,Nørholmvej 6,7361,Ejstrupholm,South jutland,Jutland,3.6,1.13,4.34,D (Standard),"Nørholmvej 6, 7361 Ejstrupholm",6856.303466796875,64.08258552849281,Distant (>10km)
"Følfodvej 8, 4840 Nørre Alslev",11.87122586,54.89117659,success,71367.22103292293,2023-05-25,2023Q2,100283,Villa,regular_sale,1980,900000,-16.0,3,124.0,7258.0645,Følfodvej 8,4840,Nørre Alslev,Other islands,Zealand,2.6,3.31,4.79,D (Standard),"Følfodvej 8, 4840 Nørre Alslev",5745.341796875,26.32955026405563,Distant (>10km)
"Seggelund Hovedvej 34, 6070 Christiansfeld",9.49006188,55.33484504,success,24019.291905563885,2024-05-27,2024Q2,9428,Villa,regular_sale,1800,1075000,-4.0,6,169.0,6360.947,Seggelund Hovedvej 34,6070,Christiansfeld,South jutland,Jutland,3.6,1.13,4.34,G/F (Pre-Insulation),"Seggelund Hovedvej 34, 6070 Christiansfeld",7386.82177734375,-13.887907829947638,Distant (>10km)
"Snehøjvej 10, 9500 Hobro",9.77307873,56.64255844,success,15016.171970198722,2024-05-27,2024Q2,9525,Villa,regular_sale,2017,3175000,-4.0,5,163.0,19478.527,Snehøjvej 10,9500,Hobro,North jutland,Jutland,3.6,1.13,4.34,B/A (High Efficiency),"Snehøjvej 10, 9500 Hobro",8045.7158203125,142.09812748511223,Distant (>10km)
"Stenløsevej 99, 5260 Odense S",10.38288774,55.35865418,success,13090.62860086505,2022-07-04,2022Q3,167192,Villa,regular_sale,1917,1630000,-7.0,4,118.0,13813.56,Stenløsevej 99,5260,Odense S,Fyn & islands,Fyn & islands,0.0,7.7,3.73,G/F (Pre-Insulation),"Stenløsevej 99, 5260 Odense S",12399.46435546875,11.404486309282118,Distant (>10km)
"Horsensvej 18, 2. mf, 3000 Helsingør",12.5933315,56.0216861,success,23622.293394938763,2024-06-25,2024Q2,1507566,Apartment,regular_sale,1965,1300000,-3.0,2,51.0,25490.195,"Horsensvej 18, 2. mf",3000,Helsingør,North Zealand,Zealand,3.6,1.13,4.34,E (Minimal),"Horsensvej 18, 2. mf, 3000 Helsingør",20600.0,23.73881219660194,Distant (>10km)
"Dalene 18, 5450 Otterup",10.32031378,55.56678674,success,18838.91486028276,2022-05-08,2022Q2,181472,Villa,regular_sale,1938,270000,-22.0,6,140.0,1928.5714,Dalene 18,5450,Otterup,Fyn & islands,Fyn & islands,0.0,7.7,3.73,G/F (Pre-Insulation),"Dalene 18, 5450 Otterup",8921.568359375,-78.38304507182056,Distant (>10km)
"Bremensgade 32, st. tv, 2300 København S",12.61695034,55.66469827,success,10332.358526459831,2023-09-18,2023Q3,73695,Apartment,regular_sale,1935,2600000,-2.0,2,89.0,29213.482,"Bremensgade 32, st. tv",2300,København S,"Capital, Copenhagen",Zealand,3.1,3.31,4.79,G/F (Pre-Insulation),"Bremensgade 32, st. tv, 2300 København S",35377.359375,-17.423225085252707,Distant (>10km)
"Jernvedvej 42, 6771 Gredstedbro",8.76189463,55.40724113,success,23680.76811865966,2024-04-25,2024Q2,17279,Villa,regular_sale,1997,1798000,0.0,5,153.0,11751.634,Jernvedvej 42,6771,Gredstedbro,South jutland,Jutland,3.6,1.13,4.34,C (Modern),"Jernvedvej 42, 6771 Gredstedbro",6377.55078125,84.26562472246093,Distant (>10km)
"Søndervænget 52, 7790 Thyholm",8.53051449,56.6458271,success,12377.52998813089,2023-01-10,2023Q1,130369,Villa,other_sale,1973,270000,0.0,5,176.0,1534.091,Søndervænget 52,7790,Thyholm,South jutland,Jutland,1.75,3.31,4.79,E (Minimal),"Søndervænget 52, 7790 Thyholm",5523.8095703125,-72.22766420790961,Distant (>10km)
"Bøgebakken 34, 8870 Langå",9.9489231,56.43756183,success,36521.41294622296,2023-02-16,2023Q1,123138,Villa,regular_sale,2004,2525000,-6.0,5,148.0,17060.81,Bøgebakken 34,8870,Langå,East & mid jutland,Jutland,1.75,3.31,4.79,C (Modern),"Bøgebakken 34, 8870 Langå",8478.2607421875,101.2300761402756,Distant (>10km)
"Katrinevej 54, 7800 Skive",9.00154782,56.5854727,success,16821.676690758,2024-08-07,2024Q3,359531,Villa,regular_sale,1972,565000,-5.0,4,110.0,5136.364,Katrinevej 54,7800,Skive,South jutland,Jutland,3.35,1.13,4.34,E (Minimal),"Katrinevej 54, 7800 Skive",8433.28564453125,-39.094156346263,Distant (>10km)
"Bakkevej 1A, 7840 Højslev",9.09860206,56.55271554,success,14459.632029303464,2024-05-13,2024Q2,12946,Villa,regular_sale,1965,670000,-4.0,4,100.0,6700.0,Bakkevej 1A,7840,Højslev,South jutland,Jutland,3.6,1.13,4.34,E (Minimal),"Bakkevej 1A, 7840 Højslev",7218.57421875,-7.183887053526735,Distant (>10km)
"Hummervej 10, 8400 Ebeltoft",10.65119315,56.23058186,success,84357.95347784412,2023-11-13,2023Q4,58788,Summerhouse,regular_sale,1971,2450000,-6.0,2,50.0,49000.0,Hummervej 10,8400,Ebeltoft,East & mid jutland,Jutland,3.6,3.31,4.79,E (Minimal),"Hummervej 10, 8400 Ebeltoft",12857.142578125,281.1111193817517,Distant (>10km)
"Torpet 84, 4300 Holbæk",11.6734584,55.70293661,success,31095.311668884653,2022-01-22,2022Q1,210494,Townhouse,regular_sale,2022,3301402,3.0,5,120.0,27511.684,Torpet 84,4300,Holbæk,Other islands,Zealand,0.0,7.7,3.73,B/A (High Efficiency),"Torpet 84, 4300 Holbæk",15167.60302734375,81.38451767331114,Distant (>10km)
"Hf. Brønshøjholm 42, 2700 Brønshøj",12.5022326,55.70891792,success,3829.321623331786,2024-06-11,2024Q2,5652,Summerhouse,regular_sale,1966,1575000,-6.0,2,30.0,52500.0,Hf. Brønshøjholm 42,2700,Brønshøj,"Capital, Copenhagen",Zealand,3.6,1.13,4.34,E (Minimal),"Hf. Brønshøjholm 42, 2700 Brønshøj",26923.076171875,95.00000544084837,Close (1-5km)
"Borgergade 21, 1. tv, 6700 Esbjerg",8.45518746,55.46512802,success,44011.7249754322,2023-06-18,2023Q2,94585,Apartment,regular_sale,2018,3600000,0.0,3,116.0,31034.482,"Borgergade 21, 1. tv",6700,Esbjerg,South jutland,Jutland,2.6,3.31,4.79,B/A (High Efficiency),"Borgergade 21, 1. tv, 6700 Esbjerg",15277.77734375,103.1347998049659,Distant (>10km)
"Kenny Drews Vej 27, 3. th, 2450 København SV",12.54953012,55.64633692,success,10354.58107322141,2024-05-23,2024Q2,10442,Apartment,regular_sale,2008,5000000,-3.0,3,91.0,54945.055,"Kenny Drews Vej 27, 3. th",2450,København SV,"Capital, Copenhagen",Zealand,3.6,1.13,4.34,C (Modern),"Kenny Drews Vej 27, 3. th, 2450 København SV",39639.640625,38.61138451605223,Distant (>10km)
"Frimestervej 2, 1. th, 2400 København NV",12.53707625,55.70653701,success,4266.447879098307,2024-06-03,2024Q2,7729,Apartment,regular_sale,1937,3500000,-3.0,3,68.0,51470.59,"Frimestervej 2, 1. th",2400,København NV,"Capital, Copenhagen",Zealand,3.6,1.13,4.34,G/F (Pre-Insulation),"Frimestervej 2, 1. th, 2400 København NV",31250.0,64.7058875,Close (1-5km)
"Rørvigvej 108, 4500 Nykøbing Sj",11.68021911,55.93541227,success,34204.53683929416,2022-08-18,2022Q3,158374,Villa,regular_sale,1951,1440000,-4.0,4,114.0,12631.579,Rørvigvej 108,4500,Nykøbing Sj,Other islands,Zealand,0.0,7.7,3.73,G/F (Pre-Insulation),"Rørvigvej 108, 4500 Nykøbing Sj",11785.7138671875,7.177038607139155,Distant (>10km)
"Munkeparken 91, 6240 Løgumkloster",8.93981655,55.05060164,success,31952.25953883427,2023-06-08,2023Q2,97119,Villa,regular_sale,1980,1025000,-6.0,3,131.0,7824.4272,Munkeparken 91,6240,Løgumkloster,South jutland,Jutland,2.6,3.31,4.79,D (Standard),"Munkeparken 91, 6240 Løgumkloster",5163.04345703125,51.54680202116284,Distant (>10km)
"Strandengen 9, 3630 Jægerspris",11.95170638,55.92912794,success,17753.29357608942,2022-11-28,2022Q4,137220,Summerhouse,regular_sale,1966,760000,0.0,1,44.0,17272.727,Strandengen 9,3630,Jægerspris,North Zealand,Zealand,0.65,7.7,3.73,E (Minimal),"Strandengen 9, 3630 Jægerspris",11855.669921875,45.691695841075514,Distant (>10km)
"Højvangen 15, 8700 Horsens",9.85998075,55.83888573,success,47077.41013102266,2023-03-16,2023Q1,116610,Villa,regular_sale,1972,2450000,-2.0,6,166.0,14759.036,Højvangen 15,8700,Horsens,East & mid jutland,Jutland,1.75,3.31,4.79,E (Minimal),"Højvangen 15, 8700 Horsens",12550.3359375,17.598733661885298,Distant (>10km)
"Husmandsvej 4, 2630 Taastrup",12.29074872,55.63937444,success,5936.660474831584,2022-11-27,2022Q4,137432,Villa,regular_sale,1939,2625000,0.0,4,86.0,30523.256,Husmandsvej 4,2630,Taastrup,"Capital, Copenhagen",Zealand,0.65,7.7,3.73,G/F (Pre-Insulation),"Husmandsvej 4, 2630 Taastrup",19736.841796875,54.651165437257795,Nearby (5-10km)
"Johan Kellers Vej 42, 1. tv, 2450 København SV",12.53577148,55.65517904,success,9043.33823669838,2023-11-12,2023Q4,59118,Apartment,regular_sale,1936,2495000,0.0,2,59.0,42288.137,"Johan Kellers Vej 42, 1. tv",2450,København SV,"Capital, Copenhagen",Zealand,3.6,3.31,4.79,G/F (Pre-Insulation),"Johan Kellers Vej 42, 1. tv, 2450 København SV",39639.640625,6.681433161328012,Nearby (5-10km)
"Skolesvinget 45, 8240 Risskov",10.22547839,56.19688528,success,67970.15772385032,2024-08-06,2024Q3,359643,Villa,regular_sale,1961,4220000,2.0,5,159.0,26540.88,Skolesvinget 45,8240,Risskov,East & mid jutland,Jutland,3.35,1.13,4.34,E (Minimal),"Skolesvinget 45, 8240 Risskov",23302.46875,13.897291931246555,Distant (>10km)
"Maj Alle 22, 2860 Søborg",12.46678155,55.72732794,success,1853.21887499784,2024-05-20,2024Q2,11351,Townhouse,regular_sale,1948,3600000,-3.0,4,81.0,44444.445,Maj Alle 22,2860,Søborg,"Capital, Copenhagen",Zealand,3.6,1.13,4.34,G/F (Pre-Insulation),"Maj Alle 22, 2860 Søborg",25953.947265625,71.24349085568556,Close (1-5km)
"Hummervej 1, 7700 Thisted",8.38103917,56.95438631,success,22059.08994114818,2023-09-03,2023Q3,77823,Summerhouse,regular_sale,1971,1400000,0.0,4,82.0,17073.17,Hummervej 1,7700,Thisted,South jutland,Jutland,3.1,3.31,4.79,E (Minimal),"Hummervej 1, 7700 Thisted",8445.9462890625,102.1463236628056,Distant (>10km)
"Bygaden 18C, 4490 Jerslev Sjælland",11.24040424,55.61070611,success,48616.26821150058,2023-01-25,2023Q1,127885,Apartment,regular_sale,1877,3600000,0.0,3,80.0,45000.0,Bygaden 18C,4490,Jerslev Sjælland,Other islands,Zealand,1.75,3.31,4.79,G/F (Pre-Insulation),"Bygaden 18C, 4490 Jerslev Sjælland",7666.66650390625,486.95653419999434,Distant (>10km)
"Cumberlandsgade 8, 2. tv, 2300 København S",12.61548575,55.66741675,success,10024.652135838927,2023-08-06,2023Q3,80516,Apartment,regular_sale,1914,2395000,0.0,2,54.0,44351.85,"Cumberlandsgade 8, 2. tv",2300,København S,"Capital, Copenhagen",Zealand,3.1,3.31,4.79,G/F (Pre-Insulation),"Cumberlandsgade 8, 2. tv, 2300 København S",35377.359375,25.367897282469237,Distant (>10km)
"Teglværksvej 20, 8420 Knebel",10.36239329,56.19432825,success,73766.3660347227,2023-07-12,2023Q3,85421,Summerhouse,regular_sale,1974,1670000,-1.0,3,73.0,22876.713,Teglværksvej 20,8420,Knebel,East & mid jutland,Jutland,3.1,3.31,4.79,E (Minimal),"Teglværksvej 20, 8420 Knebel",11918.6044921875,91.94120339860599,Distant (>10km)
"Degnevænget 1, 5270 Odense N",10.33917785,55.42864446,success,14022.460332333769,2024-04-03,2024Q2,23050,Villa,regular_sale,1967,1800000,-3.0,4,110.0,16363.637,Degnevænget 1,5270,Odense N,Fyn & islands,Fyn & islands,3.6,1.13,4.34,E (Minimal),"Degnevænget 1, 5270 Odense N",11016.94921875,48.53147086219068,Distant (>10km)
"Højvangen 24, 9800 Hjørring",9.98889583,57.46602885,success,42844.064822501154,2022-09-29,2022Q3,149541,Villa,regular_sale,1962,1200000,-14.0,4,113.0,10619.469,Højvangen 24,9800,Hjørring,North jutland,Jutland,0.0,7.7,3.73,E (Minimal),"Højvangen 24, 9800 Hjørring",9471.154296875,12.124334765656657,Distant (>10km)
"Grønbækvej 59, 8600 Silkeborg",9.62104517,56.24674551,success,43566.309520559465,2023-07-20,2023Q3,83621,Villa,regular_sale,1902,1600000,0.0,3,104.0,15384.615,Grønbækvej 59,8600,Silkeborg,East & mid jutland,Jutland,3.1,3.31,4.79,G/F (Pre-Insulation),"Grønbækvej 59, 8600 Silkeborg",14794.48193359375,3.9888743886410616,Distant (>10km)
"Elstarvej 19, 1. mf, 2500 Valby",12.50334912,55.65616657,success,7788.358697858385,2024-07-24,2024Q3,709204,Apartment,regular_sale,2020,5250000,0.0,3,106.0,49528.3,"Elstarvej 19, 1. mf",2500,Valby,"Capital, Copenhagen",Zealand,3.35,1.13,4.34,B/A (High Efficiency),"Elstarvej 19, 1. mf, 2500 Valby",32500.0,52.39477163461539,Nearby (5-10km)
"Assensvej 77, 5771 Stenstrup",10.52347206,55.11665899,success,29350.26907963105,2022-02-13,2022Q1,204353,Villa,regular_sale,1900,750000,-6.0,4,144.0,5208.3335,Assensvej 77,5771,Stenstrup,Fyn & islands,Fyn & islands,0.0,7.7,3.73,G/F (Pre-Insulation),"Assensvej 77, 5771 Stenstrup",7175.02294921875,-27.410218295387367,Distant (>10km)
"Ellebæk Parkvej 27, 8520 Lystrup",10.22040841,56.23342066,success,64634.537246115855,2022-11-30,2022Q4,136812,Townhouse,regular_sale,2003,3350000,0.0,4,101.0,33168.316,Ellebæk Parkvej 27,8520,Lystrup,East & mid jutland,Jutland,0.65,7.7,3.73,C (Modern),"Ellebæk Parkvej 27, 8520 Lystrup",17229.73046875,92.50629872828375,Distant (>10km)
"Gasværksgade 25, 6700 Esbjerg",8.46161197,55.46377695,success,43687.292963486245,2022-01-10,2022Q1,213888,Villa,regular_sale,1898,1850000,-5.0,6,218.0,8486.238,Gasværksgade 25,6700,Esbjerg,South jutland,Jutland,0.0,7.7,3.73,G/F (Pre-Insulation),"Gasværksgade 25, 6700 Esbjerg",15277.77734375,-44.453711490162256,Distant (>10km)
"Lindevænget 7, 4873 Væggerløse",11.96083607,54.68294643,success,79496.3056472306,2022-07-28,2022Q3,162499,Summerhouse,regular_sale,2007,3300000,-6.0,3,139.0,23741.008,Lindevænget 7,4873,Væggerløse,Other islands,Zealand,0.0,7.7,3.73,C (Modern),"Lindevænget 7, 4873 Væggerløse",11397.78857421875,108.29486051531978,Distant (>10km)
"Lundevej 36, 2. 2, 4400 Kalundborg",11.07340503,55.68211999,success,45558.78053072892,2024-04-22,2024Q2,18311,Apartment,regular_sale,1957,1750000,0.0,4,103.0,16990.291,"Lundevej 36, 2. 2",4400,Kalundborg,Other islands,Zealand,3.6,1.13,4.34,G/F (Pre-Insulation),"Lundevej 36, 2. 2, 4400 Kalundborg",9974.5908203125,70.33571924600213,Distant (>10km)
"Skodborghusvej 15, 6600 Vejen",9.13698403,55.44375559,success,12573.040753413536,2024-07-24,2024Q3,709221,Villa,regular_sale,1856,350000,-20.0,3,100.0,3500.0,Skodborghusvej 15,6600,Vejen,South jutland,Jutland,3.35,1.13,4.34,G/F (Pre-Insulation),"Skodborghusvej 15, 6600 Vejen",8537.16064453125,-59.00276279512162,Distant (>10km)
"Borgergade 19, 2, 8700 Horsens",9.85498624,55.8615064,success,49550.118619684334,2024-01-28,2024Q1,38251,Apartment,regular_sale,1923,2050000,-7.0,4,139.0,14748.201,"Borgergade 19, 2",8700,Horsens,East & mid jutland,Jutland,3.6,1.13,4.34,G/F (Pre-Insulation),"Borgergade 19, 2, 8700 Horsens",12550.3359375,17.512401622715526,Distant (>10km)
"Ejlesøvej 15, 4000 Roskilde",12.14634079,55.73829814,success,7632.257213261072,2023-09-27,2023Q3,71073,Townhouse,regular_sale,1980,2995000,0.0,4,118.0,25381.355,Ejlesøvej 15,4000,Roskilde,Other islands,Zealand,3.1,3.31,4.79,D (Standard),"Ejlesøvej 15, 4000 Roskilde",21404.109375,18.58169393581694,Nearby (5-10km)
"Bygaden 76, 4983 Dannemare",11.19861396,54.76027017,success,29969.221967640005,2022-09-11,2022Q3,153365,Villa,regular_sale,1930,355000,1.0,3,93.0,3817.2043,Bygaden 76,4983,Dannemare,Other islands,Zealand,0.0,7.7,3.73,G/F (Pre-Insulation),"Bygaden 76, 4983 Dannemare",7245.283203125,-47.31462886010161,Distant (>10km)
"Tingodden 119, 6960 Hvide Sande",8.1418011,55.95801061,success,15323.952294355147,2022-01-13,2022Q1,212877,Summerhouse,family_sale,1958,807500,0.0,2,40.0,20187.5,Tingodden 119,6960,Hvide Sande,South jutland,Jutland,0.0,7.7,3.73,G/F (Pre-Insulation),"Tingodden 119, 6960 Hvide Sande",12208.3330078125,65.35836618383016,Distant (>10km)
"Degneløkken 57, 5540 Ullerslev",10.64998499,55.35866777,success,4512.209347056311,2024-01-30,2024Q1,37764,Villa,regular_sale,1977,2300000,-5.0,4,148.0,15540.541,Degneløkken 57,5540,Ullerslev,Fyn & islands,Fyn & islands,3.6,1.13,4.34,D (Standard),"Degneløkken 57, 5540 Ullerslev",7179.85595703125,116.44641770850725,Close (1-5km)
"Gråspurvevej 63, st, 2400 København NV",12.52378778,55.70313246,success,4684.40396717872,2024-02-16,2024Q1,34069,Apartment,regular_sale,2007,3500000,-5.0,3,78.0,44871.793,"Gråspurvevej 63, st",2400,København NV,"Capital, Copenhagen",Zealand,3.6,1.13,4.34,C (Modern),"Gråspurvevej 63, st, 2400 København NV",31250.0,43.5897375,Close (1-5km)
"Nældebjerg Alle 41, 2670 Greve",12.27825304,55.58314651,success,7996.205791978123,2024-08-19,2024Q3,147392,Villa,regular_sale,1966,3400000,0.0,4,106.0,32075.473,Nældebjerg Alle 41,2670,Greve,"Capital, Copenhagen",Zealand,3.35,1.13,4.34,E (Minimal),"Nældebjerg Alle 41, 2670 Greve",19161.8212890625,67.39260935785141,Nearby (5-10km)
"Slusevej 105, 2300 København S",12.58527678,55.62873685,success,13312.81629901762,2022-07-14,2022Q3,164637,Villa,family_sale,1997,1039982,0.0,3,60.0,17333.033,Slusevej 105,2300,København S,"Capital, Copenhagen",Zealand,0.0,7.7,3.73,C (Modern),"Slusevej 105, 2300 København S",35377.359375,-51.005294037367655,Distant (>10km)
"Kvarmløsevej 5, st, 4340 Tølløse",11.77203994,55.61324384,success,24707.66624379837,2023-03-30,2023Q1,113302,Apartment,regular_sale,1870,1810000,-8.0,6,145.0,12482.759,"Kvarmløsevej 5, st",4340,Tølløse,Other islands,Zealand,1.75,3.31,4.79,G/F (Pre-Insulation),"Kvarmløsevej 5, st, 4340 Tølløse",10964.912109375,13.842761935043155,Distant (>10km)
"Rasmus Rasks Vej 16, 2. tv, 2500 Valby",12.51741294,55.66264297,success,7671.088962118895,2022-11-17,2022Q4,138846,Apartment,regular_sale,1932,3250000,-8.0,2,73.0,44520.547,"Rasmus Rasks Vej 16, 2. tv",2500,Valby,"Capital, Copenhagen",Zealand,0.65,7.7,3.73,G/F (Pre-Insulation),"Rasmus Rasks Vej 16, 2. tv, 2500 Valby",32500.0,36.98629807692308,Nearby (5-10km)
"Thorsensvej 5, 6740 Bramming",8.70244916,55.46223991,success,29687.54505277404,2024-04-18,2024Q2,19137,Villa,regular_sale,1917,1900000,-17.0,6,132.0,14393.939,Thorsensvej 5,6740,Bramming,South jutland,Jutland,3.6,1.13,4.34,G/F (Pre-Insulation),"Thorsensvej 5, 6740 Bramming",8475.2568359375,69.83484668087699,Distant (>10km)
"Spurvevej 12, 4690 Haslev",12.05510951,55.31646111,success,34217.33447791643,2023-06-19,2023Q2,93969,Townhouse,regular_sale,2002,1995000,0.0,3,111.0,17972.973,Spurvevej 12,4690,Haslev,Other islands,Zealand,2.6,3.31,4.79,C (Modern),"Spurvevej 12, 4690 Haslev",11011.34375,63.22233747584167,Distant (>10km)
"Svanemosevej 10, 9490 Pandrup",9.63545777,57.19143,success,23718.73341186809,2023-11-03,2023Q4,61355,Villa,regular_sale,1963,380000,-13.0,4,156.0,2435.8975,Svanemosevej 10,9490,Pandrup,North jutland,Jutland,3.6,3.31,4.79,E (Minimal),"Svanemosevej 10, 9490 Pandrup",7329.7119140625,-66.76680489632776,Distant (>10km)
"Bækken 23, 3700 Rønne",14.70159181,55.09553345,success,154813.56905336207,2022-10-09,2022Q4,145688,Townhouse,regular_sale,1883,1050000,-4.0,4,84.0,12500.0,Bækken 23,3700,Rønne,Bornholm,Bornholm,0.65,7.7,3.73,G/F (Pre-Insulation),"Bækken 23, 3700 Rønne",8424.00927734375,48.385401635520125,
"Tybjergvej 20, 2720 Vanløse",12.47485698,55.69288225,success,3370.252849212474,2024-05-21,2024Q2,11148,Villa,regular_sale,1934,7250000,1.0,5,158.0,45886.074,Tybjergvej 20,2720,Vanløse,"Capital, Copenhagen",Zealand,3.6,1.13,4.34,G/F (Pre-Insulation),"Tybjergvej 20, 2720 Vanløse",30000.0,52.953580729166674,Close (1-5km)
"Lundevej 95, 1. th, 4400 Kalundborg",11.07215969,55.68143514,success,45449.66318696724,2024-03-24,2024Q1,25074,Apartment,regular_sale,1907,3175000,0.0,2,71.0,44718.31,"Lundevej 95, 1. th",4400,Kalundborg,Other islands,Zealand,3.6,1.13,4.34,G/F (Pre-Insulation),"Lundevej 95, 1. th, 4400 Kalundborg",9974.5908203125,348.32223596264765,Distant (>10km)
"Drostrupgårdvej 12, 6600 Vejen",9.13944795,55.52140431,success,21183.91615749336,2022-04-02,2022Q2,190843,Farm,family_sale,1913,26040000,0.0,10,373.0,69812.336,Drostrupgårdvej 12,6600,Vejen,South jutland,Jutland,0.0,7.7,3.73,G/F (Pre-Insulation),"Drostrupgårdvej 12, 6600 Vejen",8537.16064453125,717.7465417875264,Distant (>10km)
"Gaabensevej 250, 4800 Nykøbing F",11.8705618,54.81207648,success,71420.59881845496,2022-03-29,2022Q1,192111,Villa,regular_sale,1937,1165000,-3.0,4,141.0,8262.411,Gaabensevej 250,4800,Nykøbing F,Other islands,Zealand,0.0,7.7,3.73,G/F (Pre-Insulation),"Gaabensevej 250, 4800 Nykøbing F",9230.76953125,-10.490548974917026,Distant (>10km)
"Nejedevej 17, 3400 Hillerød",12.21022749,55.95115928,success,2985.667063564332,2022-04-17,2022Q2,187229,Farm,regular_sale,1897,6250000,-4.0,8,232.0,26939.654,Nejedevej 17,3400,Hillerød,North Zealand,Zealand,0.0,7.7,3.73,G/F (Pre-Insulation),"Nejedevej 17, 3400 Hillerød",20338.982421875,32.4533043890182,Close (1-5km)
"Knudsvej 19, 3700 Rønne",14.70270361,55.10433707,success,154371.8540776769,2024-04-04,2024Q2,22735,Townhouse,regular_sale,1890,975000,-11.0,3,89.0,10955.057,Knudsvej 19,3700,Rønne,Bornholm,Bornholm,3.6,1.13,4.34,G/F (Pre-Insulation),"Knudsvej 19, 3700 Rønne",8424.00927734375,30.045638364721,
"Lollandsgade 41, 1, 8000 Aarhus C",10.20144376,56.16056838,success,70297.43877977904,2022-09-15,2022Q3,152449,Apartment,family_sale,1896,2242000,0.0,3,78.0,28743.59,"Lollandsgade 41, 1",8000,Aarhus C,East & mid jutland,Jutland,0.0,7.7,3.73,G/F (Pre-Insulation),"Lollandsgade 41, 1, 8000 Aarhus C",35833.33203125,-19.785327753827318,Distant (>10km)
"Hasselbakken 101, 8500 Grenaa",10.85728247,56.42036545,success,78629.7087618017,2024-08-21,2024Q3,146856,Townhouse,regular_sale,1982,1550000,0.0,4,149.0,10402.685,Hasselbakken 101,8500,Grenaa,East & mid jutland,Jutland,3.35,1.13,4.34,D (Standard),"Hasselbakken 101, 8500 Grenaa",8103.4482421875,28.373554805408723,Distant (>10km)
"Strandvej 32, st. th, 4220 Korsør",11.13121891,55.33684607,success,34774.20918171882,2022-10-24,2022Q4,143181,Apartment,regular_sale,1906,1210000,-19.0,4,111.0,10900.901,"Strandvej 32, st. th",4220,Korsør,Other islands,Zealand,0.65,7.7,3.73,G/F (Pre-Insulation),"Strandvej 32, st. th, 4220 Korsør",9354.1728515625,16.535171416750526,Distant (>10km)
"Krokusvej 14, 4683 Rønnede",12.03636591,55.25419587,success,41248.288713405,2023-01-11,2023Q1,130240,Townhouse,regular_sale,2023,1600000,0.0,4,112.0,14285.714,Krokusvej 14,4683,Rønnede,Other islands,Zealand,1.75,3.31,4.79,B/A (High Efficiency),"Krokusvej 14, 4683 Rønnede",9540.49560546875,49.73764946758869,Distant (>10km)
"Fyrtårnsvej 18, 6320 Egernsund",9.62040128,54.90565733,success,14420.878818492643,2022-02-27,2022Q1,200443,Villa,regular_sale,1962,640000,-2.0,4,96.0,6666.6665,Fyrtårnsvej 18,6320,Egernsund,South jutland,Jutland,0.0,7.7,3.73,E (Minimal),"Fyrtårnsvej 18, 6320 Egernsund",8184.680419921875,-18.547015132328344,Distant (>10km)
"Lærkevej 18, 4560 Vig",11.5415508,55.87982092,success,43934.7099271972,2023-02-26,2023Q1,120975,Summerhouse,regular_sale,1938,1225000,-11.0,3,60.0,20416.666,Lærkevej 18,4560,Vig,Other islands,Zealand,1.75,3.31,4.79,G/F (Pre-Insulation),"Lærkevej 18, 4560 Vig",11086.9560546875,84.15032868280336,Distant (>10km)
"Søglimt 19, 6340 Kruså",9.39644497,54.8505319,success,11503.866392902151,2023-08-14,2023Q3,78723,Villa,regular_sale,1961,400000,0.0,3,83.0,4819.2773,Søglimt 19,6340,Kruså,South jutland,Jutland,3.1,3.31,4.79,E (Minimal),"Søglimt 19, 6340 Kruså",6762.634765625,-28.7366904945575,Distant (>10km)
"Johannes Hansens Vej 6. mf, 9830 Tårs",10.10983212,57.38598037,success,34905.22770028054,2022-05-22,2022Q2,177593,Apartment,regular_sale,1924,1550000,0.0,1,40.0,38750.0,Johannes Hansens Vej 6. mf,9830,Tårs,North jutland,Jutland,0.0,7.7,3.73,G/F (Pre-Insulation),"Johannes Hansens Vej 6. mf, 9830 Tårs",5524.86181640625,601.37500787677,Distant (>10km)
"Birkevej 4, 7330 Brande",9.13369326,55.94509888,success,47067.23307681068,2024-03-13,2024Q1,27898,Villa,regular_sale,1951,1800000,0.0,5,151.0,11920.53,Birkevej 4,7330,Brande,South jutland,Jutland,3.6,1.13,4.34,G/F (Pre-Insulation),"Birkevej 4, 7330 Brande",8456.3759765625,40.964998558202375,Distant (>10km)
"Mådevej 13, 6700 Esbjerg",8.48324097,55.46242232,success,42348.51277634473,2023-04-26,2023Q2,107527,Villa,regular_sale,1885,1100000,-15.0,4,142.0,7746.479,Mådevej 13,6700,Esbjerg,South jutland,Jutland,2.6,3.31,4.79,G/F (Pre-Insulation),"Mådevej 13, 6700 Esbjerg",15277.77734375,-49.295772352152625,Distant (>10km)
"Gammel Skovvej 2B, 3060 Espergærde",12.55149694,55.99472969,success,20586.11461949725,2023-02-16,2023Q1,123114,Villa,regular_sale,1902,7850000,-2.0,6,160.0,49062.5,Gammel Skovvej 2B,3060,Espergærde,North Zealand,Zealand,1.75,3.31,4.79,G/F (Pre-Insulation),"Gammel Skovvej 2B, 3060 Espergærde",21085.455078125,132.68409345786253,Distant (>10km)
"Drachmannsvej 37, 9990 Skagen",10.56570132,57.72205348,success,79719.24631992776,2022-12-05,2022Q4,136096,Villa,regular_sale,1957,1200000,-11.0,4,88.0,13636.363,Drachmannsvej 37,9990,Skagen,North jutland,Jutland,0.65,7.7,3.73,G/F (Pre-Insulation),"Drachmannsvej 37, 9990 Skagen",13888.888671875,-1.818182840909107,Distant (>10km)
"Parcelvej 53, 2840 Holte",12.45307965,55.8000401,success,1851.0138014128183,2024-01-23,2024Q1,39291,Villa,regular_sale,1929,7825000,-6.0,9,297.0,26346.8,Parcelvej 53,2840,Holte,"Capital, Copenhagen",Zealand,3.6,1.13,4.34,G/F (Pre-Insulation),"Parcelvej 53, 2840 Holte",28056.5546875,-6.093955317370969,Close (1-5km)
"Golfsvinget 120, 9640 Farsø",9.38439661,56.87153402,success,23893.440032144503,2022-11-12,2022Q4,139898,Summerhouse,family_sale,1980,603500,0.0,4,91.0,6631.868,Golfsvinget 120,9640,Farsø,North jutland,Jutland,0.65,7.7,3.73,D (Standard),"Golfsvinget 120, 9640 Farsø",7083.33349609375,-6.373628070458914,Distant (>10km)
"Grønnehavevej 13A, 1. tv, 3000 Helsingør",12.61029878,56.04012631,success,24471.31166383193,2024-03-04,2024Q1,30272,Apartment,regular_sale,1905,1675000,0.0,2,58.0,28879.31,"Grønnehavevej 13A, 1. tv",3000,Helsingør,North Zealand,Zealand,3.6,1.13,4.34,G/F (Pre-Insulation),"Grønnehavevej 13A, 1. tv, 3000 Helsingør",20600.0,40.190827897451456,Distant (>10km)
"Lyøvej 11, 3450 Allerød",12.34186963,55.85513731,success,9837.063612608965,2023-12-03,2023Q4,53294,Villa,regular_sale,1978,5240000,-1.0,5,145.0,36137.93,Lyøvej 11,3450,Allerød,North Zealand,Zealand,3.6,3.31,4.79,D (Standard),"Lyøvej 11, 3450 Allerød",21500.0,68.08339389534885,Nearby (5-10km)
"Stenkisten 6, 7100 Vejle",9.5615464,55.68557671,success,44260.94930183057,2022-12-26,2022Q4,132331,Villa,regular_sale,1955,1100000,-15.0,3,91.0,12087.912,Stenkisten 6,7100,Vejle,South jutland,Jutland,0.65,7.7,3.73,G/F (Pre-Insulation),"Stenkisten 6, 7100 Vejle",13125.0,-7.901622023809524,Distant (>10km)
"Buddingevej 190, 1. 101, 2860 Søborg",12.49475155,55.75290198,success,354.3736360781424,2023-04-02,2023Q2,112787,Apartment,regular_sale,1971,1200000,-9.0,2,47.0,25531.914,"Buddingevej 190, 1. 101",2860,Søborg,"Capital, Copenhagen",Zealand,2.6,3.31,4.79,E (Minimal),"Buddingevej 190, 1. 101, 2860 Søborg",25953.947265625,-1.626084844843492,Immediate (<1km)
"Eranthisvej 19, 6710 Esbjerg V",8.42890798,55.49471128,success,40445.570894978686,2024-03-05,2024Q1,30054,Villa,regular_sale,1970,2598000,0.0,4,121.0,21471.074,Eranthisvej 19,6710,Esbjerg V,South jutland,Jutland,3.6,1.13,4.34,E (Minimal),"Eranthisvej 19, 6710 Esbjerg V",11666.6669921875,84.03777388287462,Distant (>10km)
"Månestien 1, 2670 Greve",12.30875404,55.58640923,success,9505.004374316844,2022-05-12,2022Q2,179999,Villa,regular_sale,1976,4645000,-1.0,4,144.0,32256.945,Månestien 1,2670,Greve,"Capital, Copenhagen",Zealand,0.0,7.7,3.73,E (Minimal),"Månestien 1, 2670 Greve",19161.8212890625,68.33966263380272,Nearby (5-10km)
"Middelbanke 8, 9990 Skagen",10.54885555,57.72901094,success,79968.98900782397,2023-06-11,2023Q2,96394,Villa,regular_sale,1973,1350000,-8.0,7,186.0,7258.0645,Middelbanke 8,9990,Skagen,North jutland,Jutland,2.6,3.31,4.79,E (Minimal),"Middelbanke 8, 9990 Skagen",13888.888671875,-47.74193512096774,Distant (>10km)
"Dyrupgårdvænget 92, 5250 Odense SV",10.35399324,55.35476271,success,14970.026667126604,2024-01-27,2024Q1,38440,Villa,regular_sale,1986,3000000,-6.0,6,187.0,16042.78,Dyrupgårdvænget 92,5250,Odense SV,Fyn & islands,Fyn & islands,3.6,1.13,4.34,D (Standard),"Dyrupgårdvænget 92, 5250 Odense SV",13248.71142578125,21.089363016988568,Distant (>10km)
"Nordstensvej 2, 1. 1, 3400 Hillerød",12.30006312,55.92888427,success,7196.04548124393,2023-04-25,2023Q2,107915,Apartment,regular_sale,1984,3350000,-8.0,3,118.0,28389.83,"Nordstensvej 2, 1. 1",3400,Hillerød,North Zealand,Zealand,2.6,3.31,4.79,D (Standard),"Nordstensvej 2, 1. 1, 3400 Hillerød",20338.982421875,39.58333553398987,Nearby (5-10km)
"Skovtoften 58, 4800 Nykøbing F",11.84478523,54.76798053,success,70300.9337682111,2022-01-09,2022Q1,214162,Townhouse,regular_sale,1978,1150000,0.0,3,85.0,13529.412,Skovtoften 58,4800,Nykøbing F,Other islands,Zealand,0.0,7.7,3.73,D (Standard),"Skovtoften 58, 4800 Nykøbing F",9230.76953125,46.56862641378169,Distant (>10km)
"Kastetvej 15A, 3. 2, 9000 Aalborg",9.90940124,57.05242799,success,4521.32183963455,2024-09-22,2024Q3,40417,Apartment,regular_sale,1959,915000,-3.0,2,49.0,18673.469,"Kastetvej 15A, 3. 2",9000,Aalborg,North jutland,Jutland,3.35,1.13,4.34,G/F (Pre-Insulation),"Kastetvej 15A, 3. 2, 9000 Aalborg",19246.03125,-2.974963994200103,Close (1-5km)
"Samsøvej 25, 4000 Roskilde",12.09401511,55.61577132,success,4418.849036946132,2022-07-03,2022Q3,167393,Villa,regular_sale,1962,2650000,-5.0,3,109.0,24311.926,Samsøvej 25,4000,Roskilde,Other islands,Zealand,0.0,7.7,3.73,E (Minimal),"Samsøvej 25, 4000 Roskilde",21404.109375,13.585318385853185,Close (1-5km)
"Skov-Torupvej 2, 4683 Rønnede",12.03647546,55.2594089,success,40677.826640061605,2022-08-24,2022Q3,156890,Villa,regular_sale,2017,4400000,-5.0,6,193.0,22797.928,Skov-Torupvej 2,4683,Rønnede,Other islands,Zealand,0.0,7.7,3.73,B/A (High Efficiency),"Skov-Torupvej 2, 4683 Rønnede",9540.49560546875,138.95957481817715,Distant (>10km)
"Silkeborgvej 189, 8700 Horsens",9.76840962,55.89464879,success,54980.32298128599,2023-12-06,2023Q4,52238,Villa,regular_sale,1940,750000,0.0,3,55.0,13636.363,Silkeborgvej 189,8700,Horsens,East & mid jutland,Jutland,3.6,3.31,4.79,G/F (Pre-Insulation),"Silkeborgvej 189, 8700 Horsens",12550.3359375,8.653372699809454,Distant (>10km)
"Tømrervej 8, 7130 Juelsminde",9.95641885,55.81350718,success,42590.29974585142,2023-11-14,2023Q4,58601,Villa,regular_sale,1900,800000,-20.0,7,208.0,3846.1538,Tømrervej 8,7130,Juelsminde,South jutland,Jutland,3.6,3.31,4.79,G/F (Pre-Insulation),"Tømrervej 8, 7130 Juelsminde",10488.7353515625,-63.33062395343219,Distant (>10km)
"Skolesvinget 20, 7400 Herning",8.89148881,56.12919648,success,23279.595400600352,2022-03-20,2022Q1,194726,Villa,regular_sale,1961,1780000,0.0,6,136.0,13088.235,Skolesvinget 20,7400,Herning,South jutland,Jutland,0.0,7.7,3.73,E (Minimal),"Skolesvinget 20, 7400 Herning",10933.69970703125,19.705458374219937,Distant (>10km)
"Grønningen 19, 1. th, 7200 Grindsted",8.9133679,55.76452411,success,39538.16610110699,2024-02-26,2024Q1,31986,Apartment,regular_sale,1968,675000,0.0,3,88.0,7670.4546,"Grønningen 19, 1. th",7200,Grindsted,South jutland,Jutland,3.6,1.13,4.34,E (Minimal),"Grønningen 19, 1. th, 7200 Grindsted",7890.919921875,-2.793911663202687,Distant (>10km)
"Metavang 33, 2670 Greve",12.29819061,55.58308517,success,9078.800809913648,2023-04-25,2023Q2,107705,Villa,regular_sale,1973,3530000,-9.0,4,136.0,25955.883,Metavang 33,2670,Greve,"Capital, Copenhagen",Zealand,2.6,3.31,4.79,E (Minimal),"Metavang 33, 2670 Greve",19161.8212890625,35.456240933191076,Nearby (5-10km)
"Hovedgaden 83, 6360 Tinglev",9.24432351,54.93367562,success,10891.751213561904,2022-01-09,2022Q1,214176,Villa,regular_sale,1820,1095000,0.0,5,192.0,5703.125,Hovedgaden 83,6360,Tinglev,South jutland,Jutland,0.0,7.7,3.73,G/F (Pre-Insulation),"Hovedgaden 83, 6360 Tinglev",5633.802734375,1.2304702328682164,Distant (>10km)
"Marbækvej 8, 2. 3, 2750 Ballerup",12.37495473,55.71959296,success,3244.340575559994,2022-08-29,2022Q3,156158,Apartment,regular_sale,2008,2795000,0.0,2,77.0,36298.703,"Marbækvej 8, 2. 3",2750,Ballerup,"Capital, Copenhagen",Zealand,0.0,7.7,3.73,C (Modern),"Marbækvej 8, 2. 3, 2750 Ballerup",20833.333984375,74.23376955519471,Close (1-5km)
"P Dovns Slippe 1, 6760 Ribe",8.76316122,55.32819613,success,22077.158057165616,2023-01-22,2023Q1,128352,Apartment,regular_sale,1876,2800000,0.0,2,38.0,73684.21,P Dovns Slippe 1,6760,Ribe,South jutland,Jutland,1.75,3.31,4.79,G/F (Pre-Insulation),"P Dovns Slippe 1, 6760 Ribe",8682.48486328125,748.6534914574393,Distant (>10km)
"Højbovej 1, 9240 Nibe",9.68598702,56.90862659,success,11500.437455654675,2023-12-18,2023Q4,48566,Villa,regular_sale,1991,650000,-6.0,4,120.0,5416.6665,Højbovej 1,9240,Nibe,North jutland,Jutland,3.6,3.31,4.79,D (Standard),"Højbovej 1, 9240 Nibe",8329.9287109375,-34.973435045200695,Distant (>10km)
"Vesterlundvej 7, st. tv, 8600 Silkeborg",9.55936639,56.12948381,success,48355.787294056354,2022-01-27,2022Q1,208958,Apartment,regular_sale,1827,3300000,0.0,2,98.0,33673.47,"Vesterlundvej 7, st. tv",8600,Silkeborg,East & mid jutland,Jutland,0.0,7.7,3.73,G/F (Pre-Insulation),"Vesterlundvej 7, st. tv, 8600 Silkeborg",14794.48193359375,127.60829950752002,Distant (>10km)
"Præsthøjvej 6, 3300 Frederiksværk",12.03233797,55.9466335,success,12365.5814022731,2022-04-07,2022Q2,189274,Summerhouse,regular_sale,1962,1150000,-11.0,1,26.0,44230.77,Præsthøjvej 6,3300,Frederiksværk,North Zealand,Zealand,0.0,7.7,3.73,E (Minimal),"Præsthøjvej 6, 3300 Frederiksværk",13568.66015625,225.9774290306505,Distant (>10km)
"Anders Billes Vej 21, 7000 Fredericia",9.74573762,55.56755022,success,27236.46906485628,2023-05-27,2023Q2,99958,Townhouse,regular_sale,1921,2000001,0.0,4,110.0,18181.828,Anders Billes Vej 21,7000,Fredericia,South jutland,Jutland,2.6,3.31,4.79,G/F (Pre-Insulation),"Anders Billes Vej 21, 7000 Fredericia",11223.40234375,61.99925448743227,Distant (>10km)
"Høje Støvring 115, 9530 Støvring",9.83362748,56.86461789,success,3720.831635191007,2023-11-20,2023Q4,56981,Villa,regular_sale,2023,3050000,0.0,5,165.0,18484.848,Høje Støvring 115,9530,Støvring,North jutland,Jutland,3.6,3.31,4.79,B/A (High Efficiency),"Høje Støvring 115, 9530 Støvring",10511.36328125,75.85585391404912,Close (1-5km)
"Vollerup Vang 12, 4400 Kalundborg",11.06321574,55.73148937,success,49356.80898501754,2022-12-15,2022Q4,134115,Summerhouse,family_sale,2007,816000,0.0,4,68.0,12000.0,Vollerup Vang 12,4400,Kalundborg,Other islands,Zealand,0.65,7.7,3.73,C (Modern),"Vollerup Vang 12, 4400 Kalundborg",9974.5908203125,20.305686881540115,Distant (>10km)
"Lønstrupvej 96, 2720 Vanløse",12.47670792,55.68364666,success,4299.154041901728,2022-04-05,2022Q2,189997,Villa,regular_sale,1936,9175000,0.0,4,157.0,58439.492,Lønstrupvej 96,2720,Vanløse,"Capital, Copenhagen",Zealand,0.0,7.7,3.73,G/F (Pre-Insulation),"Lønstrupvej 96, 2720 Vanløse",30000.0,94.79830729166666,Close (1-5km)
"Klitheden Nord 3B, 9492 Blokhus",9.62253795,57.24543393,success,27959.15549440389,2022-11-09,2022Q4,140381,Townhouse,regular_sale,2023,2960000,4.0,4,130.0,22769.23,Klitheden Nord 3B,9492,Blokhus,North jutland,Jutland,0.65,7.7,3.73,B/A (High Efficiency),"Klitheden Nord 3B, 9492 Blokhus",15399.275390625,47.859103049821364,Distant (>10km)
"Skovhøjen 19, 8800 Viborg",9.42075054,56.42321591,success,25839.43544714958,2022-08-23,2022Q3,157453,Villa,regular_sale,2018,4115000,0.0,5,180.0,22861.111,Skovhøjen 19,8800,Viborg,East & mid jutland,Jutland,0.0,7.7,3.73,B/A (High Efficiency),"Skovhøjen 19, 8800 Viborg",11069.1826171875,106.52935378108018,Distant (>10km)
"Vorupørvej 67, 7700 Thisted",8.5342631,56.93433999,success,14233.5430249644,2022-06-16,2022Q2,171412,Farm,regular_sale,1919,2221692,0.0,11,294.0,7556.7754,Vorupørvej 67,7700,Thisted,South jutland,Jutland,0.0,7.7,3.73,G/F (Pre-Insulation),"Vorupørvej 67, 7700 Thisted",8445.9462890625,-10.527783009808815,Distant (>10km)
"Holbækvej 14, st. tv, 4000 Roskilde",12.0689919,55.63438974,success,6278.220944742129,2024-06-22,2024Q2,2587,Apartment,regular_sale,1945,1280000,0.0,2,58.0,22068.965,"Holbækvej 14, st. tv",4000,Roskilde,Other islands,Zealand,3.6,1.13,4.34,G/F (Pre-Insulation),"Holbækvej 14, st. tv, 4000 Roskilde",21404.109375,3.106204781062048,Nearby (5-10km)
"Jonstrupvej 276, 3500 Værløse",12.33852212,55.75833537,success,4224.199060147469,2023-07-18,2023Q3,83983,Villa,regular_sale,1940,5850000,-2.0,5,168.0,34821.43,Jonstrupvej 276,3500,Værløse,North Zealand,Zealand,3.1,3.31,4.79,G/F (Pre-Insulation),"Jonstrupvej 276, 3500 Værløse",24581.005859375,41.65990556574146,Close (1-5km)
"Byvangen 20, 3550 Slangerup",12.16803239,55.85152836,success,14388.101100413614,2022-08-21,2022Q3,157988,Villa,regular_sale,1973,3350000,-1.0,6,175.0,19142.857,Byvangen 20,3550,Slangerup,North Zealand,Zealand,0.0,7.7,3.73,E (Minimal),"Byvangen 20, 3550 Slangerup",15853.658203125,20.747257046967547,Distant (>10km)
"Carl Plougs Vej 92, 6000 Kolding",9.46316051,55.47484115,success,27383.459555044537,2024-05-28,2024Q2,8964,Villa,regular_sale,1951,2335000,-3.0,3,117.0,19957.266,Carl Plougs Vej 92,6000,Kolding,South jutland,Jutland,3.6,1.13,4.34,G/F (Pre-Insulation),"Carl Plougs Vej 92, 6000 Kolding",13125.0,52.05535714285714,Distant (>10km)
"Gærdesmuttevej 5, 3450 Allerød",12.34759943,55.86410244,success,10529.425254972522,2022-06-20,2022Q2,170638,Villa,regular_sale,1963,5150000,-2.0,5,145.0,35517.242,Gærdesmuttevej 5,3450,Allerød,North Zealand,Zealand,0.0,7.7,3.73,E (Minimal),"Gærdesmuttevej 5, 3450 Allerød",21500.0,65.19647529069768,Distant (>10km)
"Serinedalen 41, 8340 Malling",10.1852391,56.02694565,success,65236.44834735862,2022-07-06,2022Q3,166726,Villa,regular_sale,2021,5225000,-1.0,6,195.0,26794.871,Serinedalen 41,8340,Malling,East & mid jutland,Jutland,0.0,7.7,3.73,B/A (High Efficiency),"Serinedalen 41, 8340 Malling",16302.3359375,64.36215764707799,Distant (>10km)
"Hessensgade 41, st. th, 2300 København S",12.61674355,55.66399895,success,10393.208224015763,2024-05-30,2024Q2,8420,Apartment,regular_sale,1962,1540000,-9.0,1,36.0,42777.777,"Hessensgade 41, st. th",2300,København S,"Capital, Copenhagen",Zealand,3.6,1.13,4.34,E (Minimal),"Hessensgade 41, st. th, 2300 København S",35377.359375,20.91851426870381,Distant (>10km)
"Valnøddevej 36, 3630 Jægerspris",11.99316637,55.85112309,success,20067.20729719445,2024-05-07,2024Q2,14262,Villa,regular_sale,1962,1620000,1.0,4,122.0,13278.688,Valnøddevej 36,3630,Jægerspris,North Zealand,Zealand,3.6,1.13,4.34,E (Minimal),"Valnøddevej 36, 3630 Jægerspris",11855.669921875,12.00285234039686,Distant (>10km)
"Sjællandsgade 14, 2. th, 4100 Ringsted",11.78839711,55.44079146,success,30820.86518540388,2022-07-03,2022Q3,167460,Apartment,regular_sale,1945,1645000,0.0,3,79.0,20822.785,"Sjællandsgade 14, 2. th",4100,Ringsted,Other islands,Zealand,0.0,7.7,3.73,G/F (Pre-Insulation),"Sjællandsgade 14, 2. th, 4100 Ringsted",12581.69921875,65.50057980418607,Distant (>10km)
"Ahornvej 49, 4220 Korsør",11.17966332,55.36393927,success,37549.74262971623,2023-10-03,2023Q4,69806,Villa,regular_sale,1972,1345000,0.0,4,130.0,10346.154,Ahornvej 49,4220,Korsør,Other islands,Zealand,3.6,3.31,4.79,E (Minimal),"Ahornvej 49, 4220 Korsør",9354.1728515625,10.604694408087633,Distant (>10km)
"Kongevejen 296, 3490 Kvistgård",12.50827109,55.99357073,success,17888.279424397988,2022-03-29,2022Q1,191853,Villa,regular_sale,1951,3100000,-6.0,6,175.0,17714.285,Kongevejen 296,3490,Kvistgård,North Zealand,Zealand,0.0,7.7,3.73,G/F (Pre-Insulation),"Kongevejen 296, 3490 Kvistgård",15954.54541015625,11.029707840961393,Distant (>10km)
"Hvidovrevej 275, 1. 14, 2650 Hvidovre",12.48014887,55.63755702,success,9177.300773660005,2023-02-19,2023Q1,122724,Apartment,regular_sale,1976,2750000,-8.0,3,101.0,27227.723,"Hvidovrevej 275, 1. 14",2650,Hvidovre,"Capital, Copenhagen",Zealand,1.75,3.31,4.79,E (Minimal),"Hvidovrevej 275, 1. 14, 2650 Hvidovre",21685.087890625,25.55966013871319,Nearby (5-10km)
"Ellegårdsvej 13, 4684 Holmegaard",11.80072831,55.27432267,success,44592.66089025249,2022-10-02,2022Q4,149241,Villa,regular_sale,2001,2525000,-3.0,7,219.0,11529.681,Ellegårdsvej 13,4684,Holmegaard,Other islands,Zealand,0.65,7.7,3.73,C (Modern),"Ellegårdsvej 13, 4684 Holmegaard",10121.6220703125,13.911392699396915,Distant (>10km)
"Fridlevs Vænge 36, 4330 Hvalsø",11.8774353,55.59276221,success,18275.626342931435,2023-06-27,2023Q2,91977,Townhouse,regular_sale,2023,3777302,0.0,4,94.0,40184.062,Fridlevs Vænge 36,4330,Hvalsø,Other islands,Zealand,2.6,3.31,4.79,B/A (High Efficiency),"Fridlevs Vænge 36, 4330 Hvalsø",13753.849609375,192.16592911274415,Distant (>10km)
"Tørholmsvej 106, 9800 Hjørring",9.99425185,57.46804178,success,43076.23979238341,2024-03-24,2024Q1,25035,Villa,regular_sale,1961,850000,-15.0,9,162.0,5246.9136,Tørholmsvej 106,9800,Hjørring,North jutland,Jutland,3.6,1.13,4.34,E (Minimal),"Tørholmsvej 106, 9800 Hjørring",9471.154296875,-44.60111819791633,Distant (>10km)
"Hans Jørgensvej 21, 6840 Oksbøl",8.27875989,55.62064688,success,25641.54778782913,2022-06-16,2022Q2,171407,Villa,regular_sale,2009,2225000,-1.0,5,146.0,15239.726,Hans Jørgensvej 21,6840,Oksbøl,South jutland,Jutland,0.0,7.7,3.73,C (Modern),"Hans Jørgensvej 21, 6840 Oksbøl",9062.5,68.16248922413793,Distant (>10km)
"Klintegårdsvej 74, 4736 Karrebæksminde",11.67030835,55.1639563,success,59402.65838684935,2023-10-09,2023Q4,68097,Summerhouse,family_sale,1969,1000000,0.0,4,77.0,12987.013,Klintegårdsvej 74,4736,Karrebæksminde,Other islands,Zealand,3.6,3.31,4.79,E (Minimal),"Klintegårdsvej 74, 4736 Karrebæksminde",15102.041015625,-14.004917071303355,Distant (>10km)
"Søvej 49B, 2791 Dragør",12.61916925,55.56781094,success,19998.746958961958,2022-07-25,2022Q3,163086,Townhouse,regular_sale,2013,6750000,-4.0,3,135.0,50000.0,Søvej 49B,2791,Dragør,"Capital, Copenhagen",Zealand,0.0,7.7,3.73,B/A (High Efficiency),"Søvej 49B, 2791 Dragør",23200.94921875,115.50842393806961,Distant (>10km)
"Mølleparken 4, 7500 Holstebro",8.6163177,56.34741836,success,10478.621075075038,2022-06-12,2022Q2,172704,Townhouse,regular_sale,1987,1940000,0.0,5,111.0,17477.477,Mølleparken 4,7500,Holstebro,South jutland,Jutland,0.0,7.7,3.73,D (Standard),"Mølleparken 4, 7500 Holstebro",10259.25341796875,70.35817179336622,Distant (>10km)
"Strandvænget 52, 8300 Odder",10.24664795,55.98209403,success,60645.41248039677,2022-01-18,2022Q1,211627,Summerhouse,regular_sale,2021,3550000,-4.0,4,120.0,29583.334,Strandvænget 52,8300,Odder,East & mid jutland,Jutland,0.0,7.7,3.73,B/A (High Efficiency),"Strandvænget 52, 8300 Odder",12500.0,136.666671875,Distant (>10km)
"Broengen 6, 3630 Jægerspris",11.94122793,55.81160937,success,21059.96666263296,2023-03-01,2023Q1,119966,Summerhouse,regular_sale,1966,1350000,-10.0,3,74.0,18243.244,Broengen 6,3630,Jægerspris,North Zealand,Zealand,1.75,3.31,4.79,E (Minimal),"Broengen 6, 3630 Jægerspris",11855.669921875,53.877800755604966,Distant (>10km)
"Hejmdalsvej 11, 8920 Randers NV",10.01406972,56.47387065,success,36852.58152007166,2023-09-09,2023Q3,76149,Villa,regular_sale,1933,1265000,-6.0,3,74.0,17094.594,Hejmdalsvej 11,8920,Randers NV,East & mid jutland,Jutland,3.1,3.31,4.79,G/F (Pre-Insulation),"Hejmdalsvej 11, 8920 Randers NV",9146.341796875,86.9008848525719,Distant (>10km)
"Drewsensvej 70, st. 9, 8600 Silkeborg",9.54125983,56.16449552,success,44859.95295117967,2024-07-09,2024Q3,1447082,Apartment,regular_sale,1989,1540000,-2.0,2,76.0,20263.158,"Drewsensvej 70, st. 9",8600,Silkeborg,East & mid jutland,Jutland,3.35,1.13,4.34,D (Standard),"Drewsensvej 70, st. 9, 8600 Silkeborg",14794.48193359375,36.96429718916725,Distant (>10km)
"Nordsø Ferievej 64, 6950 Ringkøbing",8.11135015,56.06747704,success,26662.6346344352,2024-01-23,2024Q1,39144,Summerhouse,regular_sale,1980,1720000,-7.0,4,72.0,23888.889,Nordsø Ferievej 64,6950,Ringkøbing,South jutland,Jutland,3.6,1.13,4.34,D (Standard),"Nordsø Ferievej 64, 6950 Ringkøbing",12108.146484375,97.29599986837374,Distant (>10km)
"Skovbrynet 24, 4671 Strøby",12.3211518,55.39598413,success,26581.240191239045,2024-03-28,2024Q1,24115,Summerhouse,regular_sale,2008,2400000,-4.0,3,95.0,25263.158,Skovbrynet 24,4671,Strøby,Other islands,Zealand,3.6,1.13,4.34,C (Modern),"Skovbrynet 24, 4671 Strøby",13849.08203125,82.41756490516491,Distant (>10km)
"Kirkevænget 76, 8310 Tranbjerg J",10.1297336,56.08346679,success,71397.00185159044,2023-05-12,2023Q2,103563,Villa,regular_sale,1984,3900000,-2.0,6,157.0,24840.764,Kirkevænget 76,8310,Tranbjerg J,East & mid jutland,Jutland,2.6,3.31,4.79,D (Standard),"Kirkevænget 76, 8310 Tranbjerg J",16764.705078125,48.17298339645617,Distant (>10km)
"Vestergade 12, 6900 Skjern",8.641939,55.95938801,success,24440.860202669588,2023-11-29,2023Q4,54340,Villa,regular_sale,1964,545000,0.0,3,96.0,5677.0835,Vestergade 12,6900,Skjern,South jutland,Jutland,3.6,3.31,4.79,E (Minimal),"Vestergade 12, 6900 Skjern",7031.25,-19.259256944444445,Distant (>10km)
"A N Hansens Alle 23, 2900 Hellerup",12.57961577,55.7363418,success,3006.7445858365763,2023-05-14,2023Q2,103263,Villa,family_sale,1912,8250000,0.0,7,200.0,41250.0,A N Hansens Alle 23,2900,Hellerup,"Capital, Copenhagen",Zealand,2.6,3.31,4.79,G/F (Pre-Insulation),"A N Hansens Alle 23, 2900 Hellerup",36235.20703125,13.83955931154233,Close (1-5km)
"Karsholtevej 44B, 4293 Dianalund",11.48157933,55.53298839,success,44064.21825331319,2023-07-07,2023Q3,86683,Villa,regular_sale,1880,1195000,-2.0,3,105.0,11380.952,Karsholtevej 44B,4293,Dianalund,Other islands,Zealand,3.1,3.31,4.79,G/F (Pre-Insulation),"Karsholtevej 44B, 4293 Dianalund",8424.07763671875,35.10027612792132,Distant (>10km)
"Fægangsvej 33, 8585 Glesborg",10.71476178,56.5287796,success,64596.523276192194,2024-07-02,2024Q3,1448858,Villa,regular_sale,1960,600000,0.0,4,136.0,4411.7646,Fægangsvej 33,8585,Glesborg,East & mid jutland,Jutland,3.35,1.13,4.34,G/F (Pre-Insulation),"Fægangsvej 33, 8585 Glesborg",9820.5126953125,-55.076025200361364,Distant (>10km)
"Fasanvej 62, 8800 Viborg",9.38054512,56.44811314,success,23375.76207164182,2022-10-11,2022Q4,145309,Villa,regular_sale,1947,1250000,-3.0,4,90.0,13888.889,Fasanvej 62,8800,Viborg,East & mid jutland,Jutland,0.65,7.7,3.73,G/F (Pre-Insulation),"Fasanvej 62, 8800 Viborg",11069.1826171875,25.473480311990205,Distant (>10km)
"Munkedammen 21A, 4320 Lejre",11.9700884,55.59302513,success,12527.074547114944,2023-12-20,2023Q4,47735,Villa,family_sale,1900,4675000,0.0,4,140.0,33392.855,Munkedammen 21A,4320,Lejre,Other islands,Zealand,3.6,3.31,4.79,G/F (Pre-Insulation),"Munkedammen 21A, 4320 Lejre",15577.98095703125,114.35932911240245,Distant (>10km)
"Kokkesmøgen 3, 8420 Knebel",10.39981137,56.19845868,success,75056.4650951715,2023-12-06,2023Q4,52171,Villa,family_sale,1969,800000,0.0,4,128.0,6250.0,Kokkesmøgen 3,8420,Knebel,East & mid jutland,Jutland,3.6,3.31,4.79,E (Minimal),"Kokkesmøgen 3, 8420 Knebel",11918.6044921875,-47.56097491030264,Distant (>10km)
"Glentevej 3, 8500 Grenaa",10.87716736,56.40973458,success,80318.6363221403,2024-05-30,2024Q2,8419,Villa,regular_sale,1939,770000,-3.0,3,87.0,8850.575,Glentevej 3,8500,Grenaa,East & mid jutland,Jutland,3.6,1.13,4.34,G/F (Pre-Insulation),"Glentevej 3, 8500 Grenaa",8103.4482421875,9.219864566239464,Distant (>10km)
"Skærsommervej 3, 8210 Aarhus V",10.1658878,56.17509684,success,67702.82413370324,2023-05-30,2023Q2,99468,Villa,regular_sale,1971,3200000,-3.0,5,136.0,23529.412,Skærsommervej 3,8210,Aarhus V,East & mid jutland,Jutland,2.6,3.31,4.79,E (Minimal),"Skærsommervej 3, 8210 Aarhus V",20378.150390625,15.46392414593104,Distant (>10km)
"Christiansgade 17, 2. tv, 5000 Odense C",10.3995556,55.39693294,success,12022.270893494117,2022-01-04,2022Q1,215146,Apartment,regular_sale,1913,1739000,0.0,2,53.0,32811.32,"Christiansgade 17, 2. tv",5000,Odense C,Fyn & islands,Fyn & islands,0.0,7.7,3.73,G/F (Pre-Insulation),"Christiansgade 17, 2. tv, 5000 Odense C",21551.724609375,52.24452291965106,Distant (>10km)
"Lyøvej 28, 4. tv, 2000 Frederiksberg",12.52592502,55.68204462,success,6519.3557510018345,2023-04-26,2023Q2,107441,Apartment,regular_sale,1979,6000000,-8.0,4,101.0,59405.94,"Lyøvej 28, 4. tv",2000,Frederiksberg,"Capital, Copenhagen",Zealand,2.6,3.31,4.79,D (Standard),"Lyøvej 28, 4. tv, 2000 Frederiksberg",36890.2421875,61.03429493444553,Nearby (5-10km)
"Nordre Strandvej 527, 3100 Hornbæk",12.42056172,56.09348081,success,11342.236288158194,2022-09-27,2022Q3,150155,Summerhouse,family_sale,1937,1912500,0.0,3,54.0,35416.668,Nordre Strandvej 527,3100,Hornbæk,North Zealand,Zealand,0.0,7.7,3.73,G/F (Pre-Insulation),"Nordre Strandvej 527, 3100 Hornbæk",20553.0908203125,72.31796559643435,Distant (>10km)
"Skovløkkevej 1A, st, 6000 Kolding",9.46352347,55.4923504,success,28575.0283736391,2022-04-14,2022Q2,187443,Apartment,regular_sale,1935,2116000,0.0,4,116.0,18241.379,"Skovløkkevej 1A, st",6000,Kolding,South jutland,Jutland,0.0,7.7,3.73,G/F (Pre-Insulation),"Skovløkkevej 1A, st, 6000 Kolding",13125.0,38.98193452380953,Distant (>10km)
"Bodalsvej 13, 8680 Ry",9.75938136,56.09144007,success,60444.35973545532,2023-03-04,2023Q1,119572,Townhouse,regular_sale,1906,2360000,-2.0,4,109.0,21651.377,Bodalsvej 13,8680,Ry,East & mid jutland,Jutland,1.75,3.31,4.79,G/F (Pre-Insulation),"Bodalsvej 13, 8680 Ry",14703.7041015625,47.25117428624125,Distant (>10km)
"Fåborggade 8, 1. th, 8000 Aarhus C",10.20339463,56.14371961,success,71900.28354968966,2023-07-16,2023Q3,84525,Apartment,regular_sale,1910,3400000,-3.0,3,70.0,48571.43,"Fåborggade 8, 1. th",8000,Aarhus C,East & mid jutland,Jutland,3.1,3.31,4.79,G/F (Pre-Insulation),"Fåborggade 8, 1. th, 8000 Aarhus C",35833.33203125,35.548180797535636,Distant (>10km)
"Solhøjen 3, 8920 Randers NV",9.907173,56.48970203,success,30642.041977745983,2023-08-14,2023Q3,78541,Villa,regular_sale,1973,1198000,0.0,4,152.0,7881.579,Solhøjen 3,8920,Randers NV,East & mid jutland,Jutland,3.1,3.31,4.79,E (Minimal),"Solhøjen 3, 8920 Randers NV",9146.341796875,-13.828071631268221,Distant (>10km)
"Skærvetoften 2, 8723 Løsning",9.70095539,55.81227784,success,48862.67188695783,2023-11-16,2023Q4,57952,Villa,regular_sale,2006,1800000,-5.0,4,135.0,13333.333,Skærvetoften 2,8723,Løsning,East & mid jutland,Jutland,3.6,3.31,4.79,C (Modern),"Skærvetoften 2, 8723 Løsning",8534.50830078125,56.22848485122412,Distant (>10km)
"Veddevej 3C, 4190 Munke Bjergby",11.54658204,55.49972555,success,41111.87550943191,2022-06-15,2022Q2,171617,Villa,family_sale,1927,2250000,0.0,4,103.0,21844.66,Veddevej 3C,4190,Munke Bjergby,Other islands,Zealand,0.0,7.7,3.73,G/F (Pre-Insulation),"Veddevej 3C, 4190 Munke Bjergby",8517.587890625,156.46533310555708,Distant (>10km)
"Hedegårdsvej 7, 4000 Roskilde",12.09982088,55.64058732,success,4794.251869957935,2024-08-03,2024Q3,360305,Villa,regular_sale,1923,6700000,-4.0,6,150.0,44666.668,Hedegårdsvej 7,4000,Roskilde,Other islands,Zealand,3.35,1.13,4.34,G/F (Pre-Insulation),"Hedegårdsvej 7, 4000 Roskilde",21404.109375,108.68267483682675,Close (1-5km)
"Fredensvej 7A, 3250 Gilleleje",12.26214105,56.12218995,success,1036.0296683495608,2024-05-11,2024Q2,13389,Summerhouse,regular_sale,2018,6800000,-8.0,4,130.0,52307.69,Fredensvej 7A,3250,Gilleleje,North Zealand,Zealand,3.6,1.13,4.34,B/A (High Efficiency),"Fredensvej 7A, 3250 Gilleleje",16761.36328125,212.0730129676486,Close (1-5km)
"Hjerting Strandvej 28C, 6710 Esbjerg V",8.35678574,55.52184904,success,36783.28855092259,2022-02-16,2022Q1,203418,Villa,regular_sale,1980,1848000,0.0,4,104.0,17769.23,Hjerting Strandvej 28C,6710,Esbjerg V,South jutland,Jutland,0.0,7.7,3.73,D (Standard),"Hjerting Strandvej 28C, 6710 Esbjerg V",11666.6669921875,52.307685482486455,Distant (>10km)
"Haderslevvej 83, 1, 6000 Kolding",9.46848914,55.48089708,success,28050.783412397584,2022-05-01,2022Q2,183449,Apartment,regular_sale,1904,2250000,0.0,2,80.0,28125.0,"Haderslevvej 83, 1",6000,Kolding,South jutland,Jutland,0.0,7.7,3.73,G/F (Pre-Insulation),"Haderslevvej 83, 1, 6000 Kolding",13125.0,114.28571428571428,Distant (>10km)
"Englandsvej 31, 4500 Nykøbing Sj",11.70748628,55.85796622,success,34839.17878021533,2023-12-28,2023Q4,45982,Summerhouse,family_sale,1979,1232500,0.0,3,55.0,22409.092,Englandsvej 31,4500,Nykøbing Sj,Other islands,Zealand,3.6,3.31,4.79,D (Standard),"Englandsvej 31, 4500 Nykøbing Sj",11785.7138671875,90.13775533159642,Distant (>10km)
"Høevej 11, 6740 Bramming",8.72591155,55.47583576,success,29201.258123980067,2022-02-08,2022Q1,205876,Villa,regular_sale,2005,10250000,-20.0,9,405.0,25308.643,Høevej 11,6740,Bramming,South jutland,Jutland,0.0,7.7,3.73,C (Modern),"Høevej 11, 6740 Bramming",8475.2568359375,198.61800141335135,Distant (>10km)
"Odshøjvej 84, 8800 Viborg",9.45279863,56.46140838,success,24017.80625823355,2023-06-08,2023Q2,96801,Townhouse,regular_sale,1981,1250000,0.0,3,107.0,11682.243,Odshøjvej 84,8800,Viborg,East & mid jutland,Jutland,2.6,3.31,4.79,D (Standard),"Odshøjvej 84, 8800 Viborg",11069.1826171875,5.538444599541432,Distant (>10km)
"Hanevænget 8, 4400 Kalundborg",11.1150887,55.67082233,success,46486.45252949489,2024-02-20,2024Q1,33254,Villa,regular_sale,1980,1180000,-11.0,4,121.0,9752.066,Hanevænget 8,4400,Kalundborg,Other islands,Zealand,3.6,1.13,4.34,D (Standard),"Hanevænget 8, 4400 Kalundborg",9974.5908203125,-2.230912706808442,Distant (>10km)
"Ceresbyen 33, 8000 Aarhus C",10.19122418,56.15656481,success,70294.89144101272,2023-07-25,2023Q3,82843,Townhouse,regular_sale,2017,4800000,-4.0,5,136.0,35294.117,Ceresbyen 33,8000,Aarhus C,East & mid jutland,Jutland,3.1,3.31,4.79,B/A (High Efficiency),"Ceresbyen 33, 8000 Aarhus C",35833.33203125,-1.504785665144828,Distant (>10km)
"Rypevej 18, 9575 Terndrup",10.06763051,56.81598859,success,15477.12604122621,2024-06-08,2024Q2,6415,Villa,regular_sale,1974,975000,-2.0,5,142.0,6866.1973,Rypevej 18,9575,Terndrup,North jutland,Jutland,3.6,1.13,4.34,E (Minimal),"Rypevej 18, 9575 Terndrup",6079.13671875,12.946913078093042,Distant (>10km)
"Skræntevej 14, 3210 Vejby",12.11537056,56.06446357,success,9704.794968772036,2024-07-25,2024Q3,708986,Summerhouse,regular_sale,1975,1895000,0.0,4,64.0,29609.375,Skræntevej 14,3210,Vejby,North Zealand,Zealand,3.35,1.13,4.34,E (Minimal),"Skræntevej 14, 3210 Vejby",16163.79296875,83.18333485986112,Nearby (5-10km)
"Hjedsbækvej 265, 9541 Suldrup",9.70582923,56.85419881,success,6987.797068676448,2022-01-22,2022Q1,210394,Villa,regular_sale,1949,745000,-6.0,4,102.0,7303.9214,Hjedsbækvej 265,9541,Suldrup,North jutland,Jutland,0.0,7.7,3.73,G/F (Pre-Insulation),"Hjedsbækvej 265, 9541 Suldrup",6622.255859375,10.293554671082804,Nearby (5-10km)
"Henrik Steffens Vej 6, 3. th, 1866 Frederiksberg C",12.53838849,55.67792746,success,7422.26310368423,2023-07-31,2023Q3,81747,Apartment,family_sale,1917,2932500,0.0,4,110.0,26659.092,"Henrik Steffens Vej 6, 3. th",1866,Frederiksberg C,"Capital, Copenhagen",Zealand,3.1,3.31,4.79,G/F (Pre-Insulation),"Henrik Steffens Vej 6, 3. th, 1866 Frederiksberg C",40152.751953125,-33.60581653781222,Nearby (5-10km)
"Hyrdetasken 38, 8700 Horsens",9.86412793,55.824389,success,45475.326808221165,2022-04-03,2022Q2,190786,Villa,regular_sale,2021,4495000,0.0,5,187.0,24037.434,Hyrdetasken 38,8700,Horsens,East & mid jutland,Jutland,0.0,7.7,3.73,B/A (High Efficiency),"Hyrdetasken 38, 8700 Horsens",12550.3359375,91.52820859501395,Distant (>10km)
"Augustvej 7, 2860 Søborg",12.47124635,55.72905322,success,2180.84251149744,2023-12-04,2023Q4,52945,Villa,regular_sale,1957,3400000,-3.0,4,87.0,39080.46,Augustvej 7,2860,Søborg,"Capital, Copenhagen",Zealand,3.6,3.31,4.79,G/F (Pre-Insulation),"Augustvej 7, 2860 Søborg",25953.947265625,50.576174550761145,Close (1-5km)
"Himmelbjergvej 142, st, 8600 Silkeborg",9.72194668,56.12625419,success,56207.20782629017,2022-12-02,2022Q4,136437,Villa,regular_sale,1963,2900000,0.0,4,200.0,14500.0,"Himmelbjergvej 142, st",8600,Silkeborg,East & mid jutland,Jutland,0.65,7.7,3.73,E (Minimal),"Himmelbjergvej 142, st, 8600 Silkeborg",14794.48193359375,-1.9904849315816289,Distant (>10km)
"Sprogøvej 32, 5610 Assens",9.90516093,55.28225075,success,22051.005827996163,2022-07-12,2022Q3,165377,Villa,regular_sale,2012,3150000,-5.0,4,163.0,19325.154,Sprogøvej 32,5610,Assens,Fyn & islands,Fyn & islands,0.0,7.7,3.73,B/A (High Efficiency),"Sprogøvej 32, 5610 Assens",8225.087890625,134.95377257794308,Distant (>10km)
"Ceresbyen 46, 4. 1, 8000 Aarhus C",10.19253991,56.15649864,success,70347.77178836668,2022-05-24,2022Q2,177124,Apartment,regular_sale,2018,2954000,4.0,2,51.0,57921.57,"Ceresbyen 46, 4. 1",8000,Aarhus C,East & mid jutland,Jutland,0.0,7.7,3.73,B/A (High Efficiency),"Ceresbyen 46, 4. 1, 8000 Aarhus C",35833.33203125,61.641597443372,Distant (>10km)
"Farumvej 101, 3660 Stenløse",12.28285736,55.80501854,success,9168.668415884924,2023-11-01,2023Q4,61772,Villa,other_sale,1936,2142000,0.0,4,125.0,17136.0,Farumvej 101,3660,Stenløse,North Zealand,Zealand,3.6,3.31,4.79,G/F (Pre-Insulation),"Farumvej 101, 3660 Stenløse",18063.830078125,-5.136397287353732,Nearby (5-10km)
"Alfred Hansens Have 26, 4300 Holbæk",11.73047976,55.71324935,success,27707.22836944385,2023-10-09,2023Q4,68328,Townhouse,regular_sale,2004,2500000,-4.0,4,102.0,24509.805,Alfred Hansens Have 26,4300,Holbæk,Other islands,Zealand,3.6,3.31,4.79,C (Modern),"Alfred Hansens Have 26, 4300 Holbæk",15167.60302734375,61.593131382159584,Distant (>10km)
"Esther Aggebos Gade 40, 3. mf, 8000 Aarhus C",10.22660189,56.16738026,success,70610.01650782213,2023-01-22,2023Q1,128529,Apartment,regular_sale,2021,2698000,0.0,2,58.0,46517.242,"Esther Aggebos Gade 40, 3. mf",8000,Aarhus C,East & mid jutland,Jutland,1.75,3.31,4.79,B/A (High Efficiency),"Esther Aggebos Gade 40, 3. mf, 8000 Aarhus C",35833.33203125,29.81556431015859,Distant (>10km)
"Korshøjen 90, 8240 Risskov",10.22121894,56.20172563,success,67384.22712240579,2023-11-25,2023Q4,55556,Townhouse,regular_sale,1969,4440000,0.0,4,126.0,35238.094,Korshøjen 90,8240,Risskov,East & mid jutland,Jutland,3.6,3.31,4.79,E (Minimal),"Korshøjen 90, 8240 Risskov",23302.46875,51.22043131159655,Distant (>10km)
"Holmekrogen 73, 2830 Virum",12.4848407,55.79583385,success,777.6513399186751,2024-02-07,2024Q1,36099,Townhouse,regular_sale,1960,4900000,-2.0,4,139.0,35251.797,Holmekrogen 73,2830,Virum,"Capital, Copenhagen",Zealand,3.6,1.13,4.34,G/F (Pre-Insulation),"Holmekrogen 73, 2830 Virum",28912.3037109375,21.926627595795058,Immediate (<1km)
"Martinsvej 16, 9000 Aalborg",9.95523043,57.02767855,success,5653.781609243875,2023-06-12,2023Q2,95998,Villa,regular_sale,1965,3030000,1.0,6,147.0,20612.244,Martinsvej 16,9000,Aalborg,North jutland,Jutland,2.6,3.31,4.79,E (Minimal),"Martinsvej 16, 9000 Aalborg",19246.03125,7.098673346615292,Nearby (5-10km)
"Hjarnøvej 14, 7000 Fredericia",9.78184569,55.58276494,success,26293.25596154543,2022-03-16,2022Q1,195743,Villa,regular_sale,1962,1095000,-15.0,4,135.0,8111.1113,Hjarnøvej 14,7000,Fredericia,South jutland,Jutland,0.0,7.7,3.73,E (Minimal),"Hjarnøvej 14, 7000 Fredericia",11223.40234375,-27.7303701703089,Distant (>10km)
"Strandtoften 5, 4671 Strøby",12.29255147,55.40178895,success,25347.84283015081,2023-07-25,2023Q3,82637,Summerhouse,regular_sale,2007,2595000,0.0,3,138.0,18804.348,Strandtoften 5,4671,Strøby,Other islands,Zealand,3.1,3.31,4.79,C (Modern),"Strandtoften 5, 4671 Strøby",13849.08203125,35.78046266040309,Distant (>10km)
"Skovfyrvej 9, 3730 Nexø",15.06811416,55.00058296,success,180391.92869378295,2022-09-15,2022Q3,152375,Summerhouse,regular_sale,1950,2700000,-5.0,5,123.0,21951.219,Skovfyrvej 9,3730,Nexø,Bornholm,Bornholm,0.0,7.7,3.73,G/F (Pre-Insulation),"Skovfyrvej 9, 3730 Nexø",8842.41357421875,148.24917502164502,
"Lyndby Gade 27, 4070 Kirke Hyllinge",11.93256029,55.67150671,success,14594.293475076647,2022-05-31,2022Q2,175493,Villa,other_sale,1974,1850000,0.0,3,101.0,18316.832,Lyndby Gade 27,4070,Kirke Hyllinge,Other islands,Zealand,0.0,7.7,3.73,E (Minimal),"Lyndby Gade 27, 4070 Kirke Hyllinge",11818.181640625,54.98858105451594,Distant (>10km)
"Gludsmindevej 58, 7100 Vejle",9.52135496,55.68731806,success,46398.00288209524,2022-04-07,2022Q2,189195,Villa,regular_sale,1973,2650000,0.0,6,180.0,14722.223,Gludsmindevej 58,7100,Vejle,South jutland,Jutland,0.0,7.7,3.73,E (Minimal),"Gludsmindevej 58, 7100 Vejle",13125.0,12.169315476190476,Distant (>10km)
"Jægervænget 5, 6800 Varde",8.46827189,55.63005309,success,26720.71400363943,2024-03-20,2024Q1,26002,Villa,regular_sale,1972,1450000,-9.0,4,132.0,10984.849,Jægervænget 5,6800,Varde,South jutland,Jutland,3.6,1.13,4.34,E (Minimal),"Jægervænget 5, 6800 Varde",8878.7578125,23.720557140858492,Distant (>10km)
"Agertoften 26, 9200 Aalborg SV",9.90207615,57.0174559,success,7206.997588419287,2022-03-21,2022Q1,194360,Townhouse,family_sale,1961,935000,0.0,3,89.0,10505.618,Agertoften 26,9200,Aalborg SV,North jutland,Jutland,0.0,7.7,3.73,E (Minimal),"Agertoften 26, 9200 Aalborg SV",13020.8330078125,-19.316850482921264,Nearby (5-10km)
"Aage Berntsens Alle 45, 2750 Ballerup",12.37773459,55.73765037,success,1718.291474737176,2022-11-30,2022Q4,136681,Villa,regular_sale,1968,2900000,-11.0,4,101.0,28712.871,Aage Berntsens Alle 45,2750,Ballerup,"Capital, Copenhagen",Zealand,0.65,7.7,3.73,E (Minimal),"Aage Berntsens Alle 45, 2750 Ballerup",20833.333984375,37.821776943069466,Close (1-5km)
"Svingelport 9, 1, 3000 Helsingør",12.60848457,56.03114802,success,24759.48866736623,2023-08-13,2023Q3,78937,Apartment,regular_sale,1826,3295000,0.0,3,116.0,28405.172,"Svingelport 9, 1",3000,Helsingør,North Zealand,Zealand,3.1,3.31,4.79,G/F (Pre-Insulation),"Svingelport 9, 1, 3000 Helsingør",20600.0,37.8891838592233,Distant (>10km)
"Engvej 15, 6320 Egernsund",9.62037333,54.90506677,success,14443.818905933744,2023-03-05,2023Q1,119370,Villa,regular_sale,1961,900000,-10.0,4,135.0,6666.6665,Engvej 15,6320,Egernsund,South jutland,Jutland,1.75,3.31,4.79,E (Minimal),"Engvej 15, 6320 Egernsund",8184.680419921875,-18.547015132328344,Distant (>10km)
"Tågelundvej 5, 6040 Egtved",9.24676446,55.62510171,success,33752.435731103964,2023-12-12,2023Q4,50520,Villa,regular_sale,1972,1825000,0.0,7,156.0,11698.718,Tågelundvej 5,6040,Egtved,South jutland,Jutland,3.6,3.31,4.79,E (Minimal),"Tågelundvej 5, 6040 Egtved",8157.89453125,43.4036408367853,Distant (>10km)
"Granvænget 17, 8990 Fårup",9.84689038,56.54956062,success,23571.25015573252,2022-01-18,2022Q1,211695,Villa,regular_sale,2007,2120000,-1.0,5,154.0,13766.233,Granvænget 17,8990,Fårup,East & mid jutland,Jutland,0.0,7.7,3.73,C (Modern),"Granvænget 17, 8990 Fårup",6314.771240234375,118.00050824844388,Distant (>10km)
"Elverhøjen 1E, 2. tv, 2730 Herlev",12.4479626,55.72129082,success,530.4575330580146,2024-07-22,2024Q3,709529,Apartment,regular_sale,1947,1800000,-2.0,2,60.0,30000.0,"Elverhøjen 1E, 2. tv",2730,Herlev,"Capital, Copenhagen",Zealand,3.35,1.13,4.34,G/F (Pre-Insulation),"Elverhøjen 1E, 2. tv, 2730 Herlev",21951.21875,36.666671412037196,Immediate (<1km)
"Gondolvej 10, 4040 Jyllinge",12.10961792,55.74418872,success,8900.349123292659,2022-12-28,2022Q4,132101,Villa,regular_sale,1970,2600000,0.0,5,130.0,20000.0,Gondolvej 10,4040,Jyllinge,Other islands,Zealand,0.65,7.7,3.73,E (Minimal),"Gondolvej 10, 4040 Jyllinge",16496.0625,21.241053736308285,Nearby (5-10km)
"Kallerupvej 133, 4400 Kalundborg",11.04491285,55.71991059,success,47634.22171278361,2022-03-22,2022Q1,193921,Villa,regular_sale,1877,495000,0.0,4,82.0,6036.5854,Kallerupvej 133,4400,Kalundborg,Other islands,Zealand,0.0,7.7,3.73,G/F (Pre-Insulation),"Kallerupvej 133, 4400 Kalundborg",9974.5908203125,-39.48037009271899,Distant (>10km)
"Slagelsevej 39, 4460 Snertinge",11.38518844,55.69609736,success,49100.981198359696,2022-03-17,2022Q1,195208,Villa,regular_sale,1909,1355000,-3.0,3,174.0,7787.3564,Slagelsevej 39,4460,Snertinge,Other islands,Zealand,0.0,7.7,3.73,G/F (Pre-Insulation),"Slagelsevej 39, 4460 Snertinge",7759.740234375,0.35589092035790704,Distant (>10km)
"Dronningens Tværgade 61, 1, 1302 København K",12.58285993,55.68469995,success,7363.852034959837,2024-10-07,2024Q4,680,Apartment,family_sale,1804,1912500,0.0,4,85.0,22500.0,"Dronningens Tværgade 61, 1",1302,København K,"Capital, Copenhagen",Zealand,3.1,,,G/F (Pre-Insulation),"Dronningens Tværgade 61, 1, 1302 København K",41910.548828125,-46.31423202718625,Nearby (5-10km)
"Nørrevej 25, 4960 Holeby",11.47716367,54.71038055,success,48729.600970181535,2022-07-31,2022Q3,162027,Villa,regular_sale,1956,375000,-24.0,3,90.0,4166.6665,Nørrevej 25,4960,Holeby,Other islands,Zealand,0.0,7.7,3.73,G/F (Pre-Insulation),"Nørrevej 25, 4960 Holeby",4430.3798828125,-5.952387512622035,Distant (>10km)
"Toftegårdsvej 37, 4550 Asnæs",11.50206403,55.8073135,success,44309.51302166556,2024-04-01,2024Q2,23720,Villa,regular_sale,1920,550000,-21.0,2,59.0,9322.034,Toftegårdsvej 37,4550,Asnæs,Other islands,Zealand,3.6,1.13,4.34,G/F (Pre-Insulation),"Toftegårdsvej 37, 4550 Asnæs",10447.0947265625,-10.76912363027064,Distant (>10km)
"Eskholtvænget 11, 7100 Vejle",9.55058625,55.69300483,success,45312.62626939851,2024-05-23,2024Q2,10262,Villa,regular_sale,1961,5900000,-2.0,4,227.0,25991.19,Eskholtvænget 11,7100,Vejle,South jutland,Jutland,3.6,1.13,4.34,E (Minimal),"Eskholtvænget 11, 7100 Vejle",13125.0,98.02811011904762,Distant (>10km)
"Nestorvej 15, 9200 Aalborg SV",9.90761843,57.01619673,success,7153.036892630758,2023-04-30,2023Q2,106485,Villa,regular_sale,1965,3375000,0.0,4,132.0,25568.182,Nestorvej 15,9200,Aalborg SV,North jutland,Jutland,2.6,3.31,4.79,E (Minimal),"Nestorvej 15, 9200 Aalborg SV",13020.8330078125,96.36363990909099,Nearby (5-10km)
"Liljevej 3, 7600 Struer",8.58173239,56.49045927,success,10434.326061601832,2022-09-28,2022Q3,149712,Villa,regular_sale,1976,2499000,0.0,7,211.0,11843.602,Liljevej 3,7600,Struer,South jutland,Jutland,0.0,7.7,3.73,E (Minimal),"Liljevej 3, 7600 Struer",7727.27294921875,53.27013346535692,Distant (>10km)
"Tordenskjoldsgade 12B, 2. mf, 9900 Frederikshavn",10.53620468,57.4395841,success,52372.879112422845,2022-01-11,2022Q1,213512,Apartment,regular_sale,1904,6500000,0.0,4,104.0,62500.0,"Tordenskjoldsgade 12B, 2. mf",9900,Frederikshavn,North jutland,Jutland,0.0,7.7,3.73,G/F (Pre-Insulation),"Tordenskjoldsgade 12B, 2. mf, 9900 Frederikshavn",7594.9365234375,722.9166867574061,Distant (>10km)
"Fynsvej 41, 4000 Roskilde",12.09785874,55.66142926,success,4300.061746995471,2023-03-29,2023Q1,113752,Villa,regular_sale,1967,3300000,-8.0,4,126.0,26190.477,Fynsvej 41,4000,Roskilde,Other islands,Zealand,1.75,3.31,4.79,E (Minimal),"Fynsvej 41, 4000 Roskilde",21404.109375,22.361907723619076,Close (1-5km)
"Fredensvej 12, 4220 Korsør",11.14870543,55.32403972,success,36094.165993351686,2023-11-15,2023Q4,58084,Villa,regular_sale,1953,1357000,-3.0,3,80.0,16962.5,Fredensvej 12,4220,Korsør,Other islands,Zealand,3.6,3.31,4.79,G/F (Pre-Insulation),"Fredensvej 12, 4220 Korsør",9354.1728515625,81.33618299737344,Distant (>10km)
"Vinkelvej 14B, 4295 Stenlille",11.54601987,55.53089886,success,40159.39992030354,2024-04-15,2024Q2,20090,Townhouse,regular_sale,1985,775000,0.0,3,90.0,8611.111,Vinkelvej 14B,4295,Stenlille,Other islands,Zealand,3.6,1.13,4.34,D (Standard),"Vinkelvej 14B, 4295 Stenlille",9379.8447265625,-8.195587675993687,Distant (>10km)
"Valmuevangen 14, 9240 Nibe",9.64142765,56.97701149,success,14377.450586517814,2022-02-24,2022Q1,201346,Villa,regular_sale,1966,1745000,0.0,5,128.0,13632.8125,Valmuevangen 14,9240,Nibe,North jutland,Jutland,0.0,7.7,3.73,E (Minimal),"Valmuevangen 14, 9240 Nibe",8329.9287109375,63.660614311135944,Distant (>10km)
"Murskeen 7, 3. 108, 2630 Taastrup",12.2718162,55.65350571,success,4228.958366316278,2022-04-19,2022Q2,186909,Apartment,regular_sale,1973,2175000,-1.0,4,97.0,22422.68,"Murskeen 7, 3. 108",2630,Taastrup,"Capital, Copenhagen",Zealand,0.0,7.7,3.73,E (Minimal),"Murskeen 7, 3. 108, 2630 Taastrup",19736.841796875,13.608245525128837,Close (1-5km)
"Anemonen 505, 2635 Ishøj",12.30405868,55.61992383,success,7871.099319292181,2024-10-03,2024Q4,956,Summerhouse,regular_sale,1999,291273,0.0,3,41.0,7104.2197,Anemonen 505,2635,Ishøj,"Capital, Copenhagen",Zealand,3.1,,,C (Modern),"Anemonen 505, 2635 Ishøj",18181.818359375,-60.92679188548055,Nearby (5-10km)
"Mårstien 6, 4500 Nykøbing Sj",11.46307664,55.95305538,success,47515.539889842126,2023-09-10,2023Q3,76081,Summerhouse,family_sale,2020,922080,0.0,3,56.0,16465.715,Mårstien 6,4500,Nykøbing Sj,Other islands,Zealand,3.1,3.31,4.79,B/A (High Efficiency),"Mårstien 6, 4500 Nykøbing Sj",11785.7138671875,39.70910060520007,Distant (>10km)
"Gaaseager 89, 2600 Glostrup",12.42569911,55.68115068,success,4163.642666905573,2024-04-22,2024Q2,18394,Townhouse,regular_sale,2017,4375000,-3.0,5,124.0,35282.258,Gaaseager 89,2600,Glostrup,"Capital, Copenhagen",Zealand,3.6,1.13,4.34,B/A (High Efficiency),"Gaaseager 89, 2600 Glostrup",21403.5078125,64.84334307059044,Close (1-5km)
"Engsøparken 27, 7200 Grindsted",8.89554683,55.76105721,success,38556.15292727488,2022-06-14,2022Q2,172111,Villa,regular_sale,1952,3150000,-4.0,4,236.0,13347.458,Engsøparken 27,7200,Grindsted,South jutland,Jutland,0.0,7.7,3.73,G/F (Pre-Insulation),"Engsøparken 27, 7200 Grindsted",7890.919921875,69.14958129040227,Distant (>10km)
"Lundemarken 70, 4400 Kalundborg",11.069757,55.68239718,success,45426.97770087984,2022-05-19,2022Q2,178166,Villa,regular_sale,1900,1300000,0.0,5,162.0,8024.6914,Lundemarken 70,4400,Kalundborg,Other islands,Zealand,0.0,7.7,3.73,G/F (Pre-Insulation),"Lundemarken 70, 4400 Kalundborg",9974.5908203125,-19.548665696558473,Distant (>10km)
"Guldsmedestien 73, st. mf, 2990 Nivå",12.50686526,55.93760869,success,14782.078531476416,2023-12-17,2023Q4,49209,Apartment,regular_sale,2023,2520000,-1.0,2,79.0,31898.734,"Guldsmedestien 73, st. mf",2990,Nivå,"Capital, Copenhagen",Zealand,3.6,3.31,4.79,B/A (High Efficiency),"Guldsmedestien 73, st. mf, 2990 Nivå",20231.66015625,57.667409044263664,Distant (>10km)
"Sasserod 45, 5462 Morud",10.13150272,55.43780777,success,926.3715092090852,2022-12-20,2022Q4,133121,Villa,regular_sale,1877,2850000,-5.0,6,264.0,10795.454,Sasserod 45,5462,Morud,Fyn & islands,Fyn & islands,0.65,7.7,3.73,G/F (Pre-Insulation),"Sasserod 45, 5462 Morud",7989.94970703125,35.11291681926825,Immediate (<1km)
"Havklitvej 121, 6950 Ringkøbing",8.11149104,56.08849209,success,28778.398510332143,2022-04-19,2022Q2,186661,Summerhouse,family_sale,1971,1300000,0.0,4,63.0,20634.92,Havklitvej 121,6950,Ringkøbing,South jutland,Jutland,0.0,7.7,3.73,E (Minimal),"Havklitvej 121, 6950 Ringkøbing",12108.146484375,70.42178956542526,Distant (>10km)
"Tyreengen 38, 3. tv, 4220 Korsør",11.16388393,55.32547896,success,37016.18484467292,2022-10-27,2022Q4,142587,Apartment,regular_sale,1971,700000,-5.0,3,78.0,8974.359,"Tyreengen 38, 3. tv",4220,Korsør,Other islands,Zealand,0.65,7.7,3.73,E (Minimal),"Tyreengen 38, 3. tv, 4220 Korsør",9354.1728515625,-4.060364102626742,Distant (>10km)
"Grundtvigsvej 25, 4500 Nykøbing Sj",11.66815607,55.92430206,success,35141.501312539694,2022-05-13,2022Q2,179930,Villa,regular_sale,1902,1495000,0.0,5,145.0,10310.345,Grundtvigsvej 25,4500,Nykøbing Sj,Other islands,Zealand,0.0,7.7,3.73,G/F (Pre-Insulation),"Grundtvigsvej 25, 4500 Nykøbing Sj",11785.7138671875,-12.518284061965579,Distant (>10km)
"Vigerslevvej 285B, 2. th, 2500 Valby",12.49232641,55.64884594,success,8224.630977349516,2023-11-16,2023Q4,57631,Apartment,regular_sale,1940,1699000,0.0,2,49.0,34673.47,"Vigerslevvej 285B, 2. th",2500,Valby,"Capital, Copenhagen",Zealand,3.6,3.31,4.79,G/F (Pre-Insulation),"Vigerslevvej 285B, 2. th, 2500 Valby",32500.0,6.687596153846154,Nearby (5-10km)
"Pæretræsdalen 21, 3700 Rønne",14.70818976,55.10472213,success,154651.70573800284,2022-01-19,2022Q1,211309,Villa,regular_sale,1946,1645000,0.0,2,75.0,21933.334,Pæretræsdalen 21,3700,Rønne,Bornholm,Bornholm,0.0,7.7,3.73,G/F (Pre-Insulation),"Pæretræsdalen 21, 3700 Rønne",8424.00927734375,160.366925798199,
"Skovbo Alle 42, 2670 Greve",12.26104505,55.5997442,success,6151.514386326719,2023-03-21,2023Q1,115790,Villa,regular_sale,2016,5500000,-5.0,6,178.0,30898.877,Skovbo Alle 42,2670,Greve,"Capital, Copenhagen",Zealand,1.75,3.31,4.79,B/A (High Efficiency),"Skovbo Alle 42, 2670 Greve",19161.8212890625,61.25229688245746,Nearby (5-10km)
"A. Nielsens Vej 13, 9670 Løgstør",9.25695011,56.96469667,success,36587.139258619485,2023-06-22,2023Q2,93185,Villa,regular_sale,1960,725000,-15.0,4,194.0,3737.1133,A. Nielsens Vej 13,9670,Løgstør,North jutland,Jutland,2.6,3.31,4.79,G/F (Pre-Insulation),"A. Nielsens Vej 13, 9670 Løgstør",6565.65673828125,-43.0808915205595,Distant (>10km)
"Amager Strandvej 142D, 1. tv, 2300 København S",12.63452949,55.65844457,success,11507.18234560691,2022-11-02,2022Q4,141591,Apartment,regular_sale,2015,9475000,-3.0,4,131.0,72328.24,"Amager Strandvej 142D, 1. tv",2300,København S,"Capital, Copenhagen",Zealand,0.65,7.7,3.73,B/A (High Efficiency),"Amager Strandvej 142D, 1. tv, 2300 København S",35377.359375,104.44782613880434,Distant (>10km)
"Fuglsevej 21, 4960 Holeby",11.50831105,54.70907248,success,50674.28989754108,2022-01-12,2022Q1,213377,Villa,regular_sale,1900,2100000,5.0,11,340.0,6176.4707,Fuglsevej 21,4960,Holeby,Other islands,Zealand,0.0,7.7,3.73,G/F (Pre-Insulation),"Fuglsevej 21, 4960 Holeby",4430.3798828125,39.41176302028629,Distant (>10km)
"Kålundsvej 18, 9000 Aalborg",9.96977762,57.04408986,success,3782.454659650138,2023-04-19,2023Q2,109451,Villa,regular_sale,1960,1670000,-4.0,4,124.0,13467.742,Kålundsvej 18,9000,Aalborg,North jutland,Jutland,2.6,3.31,4.79,G/F (Pre-Insulation),"Kålundsvej 18, 9000 Aalborg",19246.03125,-30.02327590266175,Close (1-5km)
"Offenbachsvej 73, 7500 Holstebro",8.58308981,56.3774237,success,9427.864207100463,2022-09-30,2022Q3,149358,Townhouse,regular_sale,1982,1400000,0.0,4,126.0,11111.111,Offenbachsvej 73,7500,Holstebro,South jutland,Jutland,0.0,7.7,3.73,D (Standard),"Offenbachsvej 73, 7500 Holstebro",10259.25341796875,8.303312877175335,Nearby (5-10km)
"Valdemarsvej 2, 2960 Rungsted Kyst",12.52111819,55.8860703,success,8979.627912588288,2024-09-16,2024Q3,41309,Villa,regular_sale,1911,11700000,-2.0,6,158.0,74050.63,Valdemarsvej 2,2960,Rungsted Kyst,"Capital, Copenhagen",Zealand,3.35,1.13,4.34,G/F (Pre-Insulation),"Valdemarsvej 2, 2960 Rungsted Kyst",31017.857421875,138.73548648230167,Nearby (5-10km)
"Tyreengen 52, 3. th, 4220 Korsør",11.16517613,55.3256493,success,37093.92501534426,2024-07-08,2024Q3,1447155,Apartment,regular_sale,1971,607500,-1.0,3,78.0,7788.4614,"Tyreengen 52, 3. th",4220,Korsør,Other islands,Zealand,3.35,1.13,4.34,E (Minimal),"Tyreengen 52, 3. th, 4220 Korsør",9354.1728515625,-16.738106624999098,Distant (>10km)
"Liengård 29, 9640 Farsø",9.21538573,56.68454554,success,19549.999395273662,2024-09-11,2024Q3,41974,Summerhouse,regular_sale,1968,575000,-3.0,3,53.0,10849.057,Liengård 29,9640,Farsø,North jutland,Jutland,3.35,1.13,4.34,E (Minimal),"Liengård 29, 9640 Farsø",7083.33349609375,53.16314905415558,Distant (>10km)
"Tarrelyk 8, 6200 Aabenraa",9.41594464,55.02432332,success,7771.450490698122,2023-10-08,2023Q4,68412,Villa,regular_sale,1994,2695000,0.0,5,160.0,16843.75,Tarrelyk 8,6200,Aabenraa,South jutland,Jutland,3.6,3.31,4.79,D (Standard),"Tarrelyk 8, 6200 Aabenraa",9336.6337890625,80.40495515344934,Nearby (5-10km)
"Lyngbyvej 345A, 1. tv, 2820 Gentofte",12.53408936,55.74165378,success,351.5385118685981,2023-03-07,2023Q1,118736,Apartment,regular_sale,1938,1850000,-7.0,3,70.0,26428.572,"Lyngbyvej 345A, 1. tv",2820,Gentofte,"Capital, Copenhagen",Zealand,1.75,3.31,4.79,G/F (Pre-Insulation),"Lyngbyvej 345A, 1. tv, 2820 Gentofte",29230.76953125,-9.586464231224669,Immediate (<1km)
"Skoleparken 75, 7500 Holstebro",8.60802331,56.37238585,success,8616.451738532085,2023-08-13,2023Q3,78949,Villa,regular_sale,1973,2260000,-2.0,6,144.0,15694.444,Skoleparken 75,7500,Holstebro,South jutland,Jutland,3.1,3.31,4.79,E (Minimal),"Skoleparken 75, 7500 Holstebro",10259.25341796875,52.97842539350075,Nearby (5-10km)
"Konemadevej 42, 4942 Askø",11.49214271,54.8972869,success,47158.00897815409,2022-02-06,2022Q1,206231,Villa,family_sale,1890,300000,0.0,3,80.0,3750.0,Konemadevej 42,4942,Askø,Other islands,Zealand,0.0,7.7,3.73,G/F (Pre-Insulation),"Konemadevej 42, 4942 Askø",8041.095703125,-53.36456450154371,Distant (>10km)
"Fægangsvej 7, 8585 Glesborg",10.70711843,56.52858868,success,64208.84777230863,2023-09-27,2023Q3,71094,Villa,regular_sale,1935,395000,0.0,5,145.0,2724.138,Fægangsvej 7,8585,Glesborg,East & mid jutland,Jutland,3.1,3.31,4.79,G/F (Pre-Insulation),"Fægangsvej 7, 8585 Glesborg",9820.5126953125,-72.26073603312582,Distant (>10km)
"Røsnæsvej 237, 4400 Kalundborg",10.99561426,55.72846253,success,46606.842805676,2023-02-27,2023Q1,120654,Villa,regular_sale,1900,800000,-11.0,4,129.0,6201.5503,Røsnæsvej 237,4400,Kalundborg,Other islands,Zealand,1.75,3.31,4.79,G/F (Pre-Insulation),"Røsnæsvej 237, 4400 Kalundborg",9974.5908203125,-37.82651935616485,Distant (>10km)
"Doktorstien 9, 9990 Skagen",10.52959077,57.72972015,success,79547.01688019227,2022-04-04,2022Q2,190406,Summerhouse,regular_sale,2009,12000000,0.0,5,194.0,61855.67,Doktorstien 9,9990,Skagen,North jutland,Jutland,0.0,7.7,3.73,C (Modern),"Doktorstien 9, 9990 Skagen",13888.888671875,345.3608444587632,Distant (>10km)
"Tyttebærvej 21E, 8600 Silkeborg",9.61672033,56.13483201,success,50556.03809820063,2024-02-13,2024Q1,34847,Townhouse,regular_sale,1968,1075000,0.0,2,49.0,21938.775,Tyttebærvej 21E,8600,Silkeborg,East & mid jutland,Jutland,3.6,1.13,4.34,E (Minimal),"Tyttebærvej 21E, 8600 Silkeborg",14794.48193359375,48.290257740007384,Distant (>10km)
"Barsmark Bygade 29, 6200 Aabenraa",9.48069187,55.09044819,success,15769.22403630218,2024-09-19,2024Q3,40741,Villa,regular_sale,1961,650000,-13.0,3,79.0,8227.848,Barsmark Bygade 29,6200,Aabenraa,South jutland,Jutland,3.35,1.13,4.34,E (Minimal),"Barsmark Bygade 29, 6200 Aabenraa",9336.6337890625,-11.875651951899403,Distant (>10km)
"Marielyst Strandpark 51, 4873 Væggerløse",11.95397307,54.69796382,success,78668.89843915365,2023-01-28,2023Q1,127223,Villa,regular_sale,2010,1475000,-1.0,4,93.0,15860.215,Marielyst Strandpark 51,4873,Væggerløse,Other islands,Zealand,1.75,3.31,4.79,B/A (High Efficiency),"Marielyst Strandpark 51, 4873 Væggerløse",11397.78857421875,39.1516849121508,Distant (>10km)
"Lyongade 24, 2. tv, 2300 København S",12.60932873,55.66033854,success,10530.80762408371,2023-09-04,2023Q3,77435,Apartment,regular_sale,1941,3400000,-3.0,3,70.0,48571.43,"Lyongade 24, 2. tv",2300,København S,"Capital, Copenhagen",Zealand,3.1,3.31,4.79,G/F (Pre-Insulation),"Lyongade 24, 2. tv, 2300 København S",35377.359375,37.29523781761905,Distant (>10km)
"Skadevænget 63, 4050 Skibby",11.85792405,55.74522743,success,20992.339374793806,2022-04-24,2022Q2,185493,Summerhouse,regular_sale,1974,3300000,-6.0,4,104.0,31730.77,Skadevænget 63,4050,Skibby,Other islands,Zealand,0.0,7.7,3.73,E (Minimal),"Skadevænget 63, 4050 Skibby",11721.44384765625,170.70700456065995,Distant (>10km)
"Valby Tingsted 10, st, 2500 Valby",12.51437935,55.66539067,success,7312.176828349499,2023-10-23,2023Q4,64484,Apartment,regular_sale,1941,2712500,0.0,3,71.0,38204.227,"Valby Tingsted 10, st",2500,Valby,"Capital, Copenhagen",Zealand,3.6,3.31,4.79,G/F (Pre-Insulation),"Valby Tingsted 10, st, 2500 Valby",32500.0,17.551466346153845,Nearby (5-10km)
"Møllevej 34, 9520 Skørping",9.89432629,56.83876406,success,4852.6566324449295,2022-08-10,2022Q3,159964,Villa,regular_sale,1971,2198000,0.0,6,144.0,15263.889,Møllevej 34,9520,Skørping,North jutland,Jutland,0.0,7.7,3.73,E (Minimal),"Møllevej 34, 9520 Skørping",7941.17626953125,92.21193629008808,Close (1-5km)
"Læssøegade 22, 8600 Silkeborg",9.54804193,56.1612602,success,45413.892935589145,2023-11-09,2023Q4,59759,Villa,regular_sale,1908,2901022,4.0,4,141.0,20574.625,Læssøegade 22,8600,Silkeborg,East & mid jutland,Jutland,3.6,3.31,4.79,G/F (Pre-Insulation),"Læssøegade 22, 8600 Silkeborg",14794.48193359375,39.06958751479706,Distant (>10km)
"Krik Strandvej 120, 7770 Vestervig",8.25989411,56.77931407,success,24669.009006032786,2022-07-25,2022Q3,163091,Villa,regular_sale,1964,745000,-5.0,3,102.0,7303.9214,Krik Strandvej 120,7770,Vestervig,South jutland,Jutland,0.0,7.7,3.73,E (Minimal),"Krik Strandvej 120, 7770 Vestervig",7900.0,-7.545298902294303,Distant (>10km)
"Stationsvej 33, 6230 Rødekro",9.33405835,55.1337451,success,20534.188973878245,2022-06-19,2022Q2,170852,Villa,regular_sale,1957,540000,0.0,4,90.0,6000.0,Stationsvej 33,6230,Rødekro,South jutland,Jutland,0.0,7.7,3.73,G/F (Pre-Insulation),"Stationsvej 33, 6230 Rødekro",6861.605224609375,-12.556904636821706,Distant (>10km)
"Grønhøjvej 42, 8462 Harlev J",10.00121044,56.1473921,success,65166.0443352199,2023-09-10,2023Q3,75859,Villa,regular_sale,1971,2800000,-3.0,6,180.0,15555.556,Grønhøjvej 42,8462,Harlev J,East & mid jutland,Jutland,3.1,3.31,4.79,E (Minimal),"Grønhøjvej 42, 8462 Harlev J",14000.0,11.111111886160714,Distant (>10km)
"Jernbanegade 31B, 2. tv, 4690 Haslev",11.96375997,55.32747991,success,34685.47882800998,2024-03-11,2024Q1,28630,Apartment,regular_sale,1911,4400000,0.0,3,73.0,60273.973,"Jernbanegade 31B, 2. tv",4690,Haslev,Other islands,Zealand,3.6,1.13,4.34,G/F (Pre-Insulation),"Jernbanegade 31B, 2. tv, 4690 Haslev",11011.34375,447.3807195988228,Distant (>10km)
"Broholms Alle 13C, st. tv, 2920 Charlottenlund",12.58320687,55.76121296,success,3244.7060533994777,2023-11-01,2023Q4,61888,Apartment,regular_sale,1939,3960000,-3.0,4,83.0,47710.844,"Broholms Alle 13C, st. tv",2920,Charlottenlund,"Capital, Copenhagen",Zealand,3.6,3.31,4.79,G/F (Pre-Insulation),"Broholms Alle 13C, st. tv, 2920 Charlottenlund",35919.5390625,32.826993316877285,Close (1-5km)
"Lergravsvej 54, st. th, 2300 København S",12.62611875,55.66365608,success,10732.260964162975,2023-02-04,2023Q1,125774,Apartment,regular_sale,2006,4400000,-2.0,3,93.0,47311.83,"Lergravsvej 54, st. th",2300,København S,"Capital, Copenhagen",Zealand,1.75,3.31,4.79,C (Modern),"Lergravsvej 54, st. th, 2300 København S",35377.359375,33.734764156630895,Distant (>10km)
"Ceresbyen 40, 4. 1, 8000 Aarhus C",10.19186279,56.15646323,success,70326.88692143877,2024-02-05,2024Q1,36613,Apartment,regular_sale,2017,3700000,-3.0,3,83.0,44578.312,"Ceresbyen 40, 4. 1",8000,Aarhus C,East & mid jutland,Jutland,3.6,1.13,4.34,B/A (High Efficiency),"Ceresbyen 40, 4. 1, 8000 Aarhus C",35833.33203125,24.404597543771715,Distant (>10km)
"Rådyrvænget 151, 5800 Nyborg",10.787277,55.34347605,success,13245.428462803628,2023-04-27,2023Q2,106991,Villa,regular_sale,1984,1928000,0.0,5,127.0,15181.103,Rådyrvænget 151,5800,Nyborg,Fyn & islands,Fyn & islands,2.6,3.31,4.79,D (Standard),"Rådyrvænget 151, 5800 Nyborg",11213.2353515625,35.38556949085262,Distant (>10km)
"Lerbjergstien 6, 3460 Birkerød",12.365866,55.85216004,success,8832.7589792398,2022-07-08,2022Q3,166049,Summerhouse,regular_sale,1936,2950000,-10.0,2,66.0,44696.97,Lerbjergstien 6,3460,Birkerød,North Zealand,Zealand,0.0,7.7,3.73,G/F (Pre-Insulation),"Lerbjergstien 6, 3460 Birkerød",23914.8544921875,86.90044200185955,Nearby (5-10km)
"Brovænget 8, 6800 Varde",8.48247754,55.6191253,success,28191.99910015916,2023-05-16,2023Q2,102476,Townhouse,other_sale,1975,790000,0.0,2,59.0,13389.83,Brovænget 8,6800,Varde,South jutland,Jutland,2.6,3.31,4.79,E (Minimal),"Brovænget 8, 6800 Varde",8878.7578125,50.80747060443598,Distant (>10km)
"Kalleruphaven 85, 2640 Hedehusene",12.19709137,55.66074357,success,1453.281718897039,2022-03-30,2022Q1,191803,Summerhouse,regular_sale,1974,1200000,-7.0,2,50.0,24000.0,Kalleruphaven 85,2640,Hedehusene,"Capital, Copenhagen",Zealand,0.0,7.7,3.73,E (Minimal),"Kalleruphaven 85, 2640 Hedehusene",18783.783203125,27.769788122379918,Close (1-5km)
"Ranunkelvej 2, 7080 Børkop",9.70918692,55.63768744,success,33689.322057627745,2022-08-02,2022Q3,161652,Villa,regular_sale,2023,350000,0.0,5,160.0,2187.5,Ranunkelvej 2,7080,Børkop,South jutland,Jutland,0.0,7.7,3.73,B/A (High Efficiency),"Ranunkelvej 2, 7080 Børkop",11016.94921875,-80.1442308885563,Distant (>10km)
"Torvet 6B, 1. tv, 4690 Haslev",11.96431817,55.32660357,success,34763.52915297322,2023-12-12,2023Q4,50682,Apartment,regular_sale,1983,1225000,-12.0,3,96.0,12760.417,"Torvet 6B, 1. tv",4690,Haslev,Other islands,Zealand,3.6,3.31,4.79,D (Standard),"Torvet 6B, 1. tv, 4690 Haslev",11011.34375,15.884285168987663,Distant (>10km)
"Dalumvej 4, 8270 Højbjerg",10.17115418,56.11866792,success,73118.12813534959,2023-05-07,2023Q2,105027,Villa,regular_sale,2019,7198000,0.0,5,172.0,41848.836,Dalumvej 4,8270,Højbjerg,East & mid jutland,Jutland,2.6,3.31,4.79,B/A (High Efficiency),"Dalumvej 4, 8270 Højbjerg",20869.564453125,100.52567954399055,Distant (>10km)
"Strandlund 12, 3250 Gilleleje",12.24151755,56.12075125,success,36.80026780374936,2023-06-06,2023Q2,97714,Summerhouse,family_sale,2022,2341876,0.0,4,64.0,36591.812,Strandlund 12,3250,Gilleleje,North Zealand,Zealand,2.6,3.31,4.79,B/A (High Efficiency),"Strandlund 12, 3250 Gilleleje",16761.36328125,118.3104792014932,Immediate (<1km)
"Lodsgården 1A, st. 8, 2791 Dragør",12.65841958,55.59204968,success,18726.331758336284,2024-02-22,2024Q1,32559,Apartment,regular_sale,1973,1800000,-10.0,2,43.0,41860.465,"Lodsgården 1A, st. 8",2791,Dragør,"Capital, Copenhagen",Zealand,3.6,1.13,4.34,E (Minimal),"Lodsgården 1A, st. 8, 2791 Dragør",23200.94921875,80.42565607583067,Distant (>10km)
"Lyngvejen 13, 3720 Aakirkeby",14.97084849,55.00525203,success,174766.95858670358,2023-10-31,2023Q4,62070,Summerhouse,family_sale,1951,365500,0.0,3,37.0,9878.378,Lyngvejen 13,3720,Aakirkeby,Bornholm,Bornholm,3.6,3.31,4.79,G/F (Pre-Insulation),"Lyngvejen 13, 3720 Aakirkeby",6818.181640625,44.88288007507501,
"Bogholdervej 1A, 6623 Vorbasse",9.10536749,55.68310009,success,39106.215148547184,2024-02-25,2024Q1,32111,Townhouse,regular_sale,2000,700000,0.0,3,104.0,6730.769,Bogholdervej 1A,6623,Vorbasse,South jutland,Jutland,3.6,1.13,4.34,C (Modern),"Bogholdervej 1A, 6623 Vorbasse",6554.05419921875,2.696267659352963,Distant (>10km)
"Valdemarsgade 49A, 1. th, 1665 København V",12.54925628,55.66847285,success,8554.785496224082,2022-02-01,2022Q1,207676,Apartment,regular_sale,1885,3906000,0.0,2,65.0,60092.31,"Valdemarsgade 49A, 1. th",1665,København V,"Capital, Copenhagen",Zealand,0.0,7.7,3.73,G/F (Pre-Insulation),"Valdemarsgade 49A, 1. th, 1665 København V",48780.48828125,23.18923141416766,Nearby (5-10km)
"Klarup Kirkevej 48, 9270 Klarup",10.0518303,57.01052448,success,9091.053165743786,2022-01-07,2022Q1,214485,Villa,regular_sale,1968,2600000,0.0,5,145.0,17931.035,Klarup Kirkevej 48,9270,Klarup,North jutland,Jutland,0.0,7.7,3.73,E (Minimal),"Klarup Kirkevej 48, 9270 Klarup",11948.529296875,50.06897259681704,Nearby (5-10km)
"Carl Jacobsens Vej 14T, 4. th, 2500 Valby",12.51911268,55.65330153,success,8579.102171304192,2024-06-26,2024Q2,1507349,Apartment,regular_sale,2017,6750000,0.0,4,131.0,51526.72,"Carl Jacobsens Vej 14T, 4. th",2500,Valby,"Capital, Copenhagen",Zealand,3.6,1.13,4.34,B/A (High Efficiency),"Carl Jacobsens Vej 14T, 4. th, 2500 Valby",32500.0,58.54375,Nearby (5-10km)
"Orionvej 1, 9200 Aalborg SV",9.90386015,57.01850682,success,7346.129090623983,2022-09-07,2022Q3,153959,Villa,regular_sale,1964,2175000,-5.0,4,120.0,18125.0,Orionvej 1,9200,Aalborg SV,North jutland,Jutland,0.0,7.7,3.73,E (Minimal),"Orionvej 1, 9200 Aalborg SV",13020.8330078125,39.20000348000009,Nearby (5-10km)
"Marienborg Alle 109, 2860 Søborg",12.50184116,55.73684312,success,1718.723810064728,2023-02-24,2023Q1,121428,Villa,regular_sale,1929,5895000,-2.0,5,110.0,53590.91,Marienborg Alle 109,2860,Søborg,"Capital, Copenhagen",Zealand,1.75,3.31,4.79,G/F (Pre-Insulation),"Marienborg Alle 109, 2860 Søborg",25953.947265625,106.48462296611463,Close (1-5km)
"Hovedvejen 56, 3330 Gørløse",12.1903567,55.87597261,success,11434.208705011852,2022-05-29,2022Q2,176046,Farm,regular_sale,1870,5750000,-15.0,6,250.0,23000.0,Hovedvejen 56,3330,Gørløse,North Zealand,Zealand,0.0,7.7,3.73,G/F (Pre-Insulation),"Hovedvejen 56, 3330 Gørløse",14942.05224609375,53.92798540115407,Distant (>10km)
"Hans Tausens Vej 28, 9800 Hjørring",9.99604005,57.46830256,success,43108.511030533424,2024-07-19,2024Q3,1078659,Townhouse,regular_sale,1968,525000,-4.0,4,90.0,5833.3335,Hans Tausens Vej 28,9800,Hjørring,North jutland,Jutland,3.35,1.13,4.34,E (Minimal),"Hans Tausens Vej 28, 9800 Hjørring",9471.154296875,-38.40947667784851,Distant (>10km)
"Polarisvej 3, 3210 Vejby",12.13554911,56.07855817,success,7745.58809368716,2024-03-13,2024Q1,27744,Summerhouse,regular_sale,1976,3800000,0.0,4,113.0,33628.32,Polarisvej 3,3210,Vejby,North Zealand,Zealand,3.6,1.13,4.34,E (Minimal),"Polarisvej 3, 3210 Vejby",16163.79296875,108.04721006706008,Nearby (5-10km)
"Under Elmene 16, 4. th, 2300 København S",12.59873157,55.66518903,success,9755.177661921249,2023-03-23,2023Q1,115111,Apartment,regular_sale,1918,3100000,4.0,2,60.0,51666.668,"Under Elmene 16, 4. th",2300,København S,"Capital, Copenhagen",Zealand,1.75,3.31,4.79,G/F (Pre-Insulation),"Under Elmene 16, 4. th, 2300 København S",35377.359375,46.04444447388889,Nearby (5-10km)
"Engdalsvej 71A, st. tv, 8220 Brabrand",10.12011539,56.15060365,success,68422.91612239124,2022-04-25,2022Q2,185074,Apartment,regular_sale,1968,2148000,-2.0,3,84.0,25571.428,"Engdalsvej 71A, st. tv",8220,Brabrand,East & mid jutland,Jutland,0.0,7.7,3.73,E (Minimal),"Engdalsvej 71A, st. tv, 8220 Brabrand",18070.865234375,41.50638280303359,Distant (>10km)
"Kastanievænget 1, 4681 Herfølge",12.14039773,55.41589686,success,22494.10341995961,2024-01-16,2024Q1,42920,Villa,regular_sale,1971,6500000,0.0,3,128.0,50781.25,Kastanievænget 1,4681,Herfølge,Other islands,Zealand,3.6,1.13,4.34,E (Minimal),"Kastanievænget 1, 4681 Herfølge",15237.03076171875,233.27523448716744,Distant (>10km)
"Kindhestegade 9, 1, 4700 Næstved",11.75648553,55.23150168,success,50127.96103228144,2023-04-18,2023Q2,109495,Apartment,regular_sale,1888,4075000,0.0,4,130.0,31346.154,"Kindhestegade 9, 1",4700,Næstved,Other islands,Zealand,2.6,3.31,4.79,G/F (Pre-Insulation),"Kindhestegade 9, 1, 4700 Næstved",11089.69873046875,182.6601069941783,Distant (>10km)
"Spånbjergvej 15, 4792 Askeby",12.19885144,54.91008752,success,78790.69973570926,2022-07-28,2022Q3,162418,Villa,regular_sale,1875,950000,-9.0,4,168.0,5654.7617,Spånbjergvej 15,4792,Askeby,Other islands,Zealand,0.0,7.7,3.73,G/F (Pre-Insulation),"Spånbjergvej 15, 4792 Askeby",7455.08935546875,-24.14897462493998,Distant (>10km)
"Storkevænget 54, 4050 Skibby",11.87097993,55.7436637,success,20170.84220835769,2022-05-20,2022Q2,177992,Summerhouse,regular_sale,1979,995000,0.0,3,66.0,15075.758,Storkevænget 54,4050,Skibby,Other islands,Zealand,0.0,7.7,3.73,D (Standard),"Storkevænget 54, 4050 Skibby",11721.44384765625,28.616900856582262,Distant (>10km)
"Stagebjergparken 75, 6051 Almind",9.47946537,55.56030499,success,34484.837457390706,2023-08-08,2023Q3,80016,Villa,regular_sale,2005,3070000,-4.0,7,187.0,16417.111,Stagebjergparken 75,6051,Almind,South jutland,Jutland,3.1,3.31,4.79,C (Modern),"Stagebjergparken 75, 6051 Almind",9655.63232421875,70.02626836718672,Distant (>10km)
"Tjørnevej 10, 7500 Holstebro",8.6497321,56.34441045,success,9847.49576499273,2024-09-11,2024Q3,41973,Villa,regular_sale,1968,1650000,0.0,4,107.0,15420.561,Tjørnevej 10,7500,Holstebro,South jutland,Jutland,3.35,1.13,4.34,E (Minimal),"Tjørnevej 10, 7500 Holstebro",10259.25341796875,50.3087984927479,Nearby (5-10km)
"Tranbjerg Hovedgade 43, 8310 Tranbjerg J",10.13613689,56.09481061,success,72664.51059293986,2024-04-18,2024Q2,19270,Villa,regular_sale,1904,3775000,-3.0,3,166.0,22740.963,Tranbjerg Hovedgade 43,8310,Tranbjerg J,East & mid jutland,Jutland,3.6,1.13,4.34,G/F (Pre-Insulation),"Tranbjerg Hovedgade 43, 8310 Tranbjerg J",16764.705078125,35.647855328501834,Distant (>10km)
"Constantiavej 6, 9900 Frederikshavn",10.52825356,57.44899584,success,52867.80383698893,2022-06-09,2022Q2,173241,Villa,regular_sale,1932,1050000,-12.0,4,182.0,5769.231,Constantiavej 6,9900,Frederikshavn,North jutland,Jutland,0.0,7.7,3.73,G/F (Pre-Insulation),"Constantiavej 6, 9900 Frederikshavn",7594.9365234375,-24.038457211225357,Distant (>10km)
"Hans Povlsensvej 9, 9240 Nibe",9.63607355,56.97448079,success,14652.582517689892,2023-03-27,2023Q1,114482,Villa,regular_sale,1971,1600000,-6.0,5,165.0,9696.97,Hans Povlsensvej 9,9240,Nibe,North jutland,Jutland,1.75,3.31,4.79,E (Minimal),"Hans Povlsensvej 9, 9240 Nibe",8329.9287109375,16.411197058985934,Distant (>10km)
"Ã Strandvej 53, 5631 Ebberup",9.9735731,55.21773428,success,26353.34469176245,2024-04-09,2024Q2,21545,Summerhouse,regular_sale,1930,2800000,-7.0,3,120.0,23333.334,Ã Strandvej 53,5631,Ebberup,Fyn & islands,Fyn & islands,3.6,1.13,4.34,G/F (Pre-Insulation),"Ã Strandvej 53, 5631 Ebberup",7452.830078125,213.08018215605495,Distant (>10km)
"Katholm 317, 3670 Veksø Sjælland",12.23273498,55.75497382,success,6395.023249844402,2023-11-12,2023Q4,59137,Townhouse,regular_sale,1979,3840000,-1.0,5,154.0,24935.064,Katholm 317,3670,Veksø Sjælland,North Zealand,Zealand,3.6,3.31,4.79,D (Standard),"Katholm 317, 3670 Veksø Sjælland",17534.72265625,42.20392841079385,Nearby (5-10km)
"Præstholmvej 2, 4070 Kirke Hyllinge",11.84372605,55.68866689,success,20280.71312105136,2024-04-02,2024Q2,23498,Villa,regular_sale,1965,2022500,0.0,4,110.0,18386.363,Præstholmvej 2,4070,Kirke Hyllinge,Other islands,Zealand,3.6,1.13,4.34,E (Minimal),"Præstholmvej 2, 4070 Kirke Hyllinge",11818.181640625,55.57692240950905,Distant (>10km)
"Gelballevej 92, 6640 Lunderskov",9.37470222,55.47983375,success,23444.91756302887,2023-04-14,2023Q2,110524,Farm,regular_sale,1827,1500000,-3.0,5,163.0,9202.454,Gelballevej 92,6640,Lunderskov,South jutland,Jutland,2.6,3.31,4.79,G/F (Pre-Insulation),"Gelballevej 92, 6640 Lunderskov",8631.2470703125,6.617896887863263,Distant (>10km)
"Burmeistersgade 7, 5. th, 1429 København K",12.59819061,55.67537491,success,8720.694676442947,2024-06-03,2024Q2,7611,Apartment,regular_sale,1901,3150000,-3.0,2,46.0,68478.26,"Burmeistersgade 7, 5. th",1429,København K,"Capital, Copenhagen",Zealand,3.6,1.13,4.34,G/F (Pre-Insulation),"Burmeistersgade 7, 5. th, 1429 København K",41910.548828125,63.39146044908425,Nearby (5-10km)
"Tvedvej 164, 5700 Svendborg",10.62352692,55.08213616,success,26917.523056315706,2022-06-12,2022Q2,172677,Villa,regular_sale,1937,1800000,-5.0,4,114.0,15789.474,Tvedvej 164,5700,Svendborg,Fyn & islands,Fyn & islands,0.0,7.7,3.73,G/F (Pre-Insulation),"Tvedvej 164, 5700 Svendborg",12190.68896484375,29.52076521964545,Distant (>10km)
"Godthåbsvej 26, 9230 Svenstrup J",9.8461117,56.97288283,success,2676.4170673680974,2023-06-06,2023Q2,97584,Villa,regular_sale,1960,2875000,-4.0,5,169.0,17011.834,Godthåbsvej 26,9230,Svenstrup J,North jutland,Jutland,2.6,3.31,4.79,G/F (Pre-Insulation),"Godthåbsvej 26, 9230 Svenstrup J",10465.1162109375,62.55752579790056,Close (1-5km)
"Kværndrup Vænge 34, 5772 Kværndrup",10.56528512,55.16509341,success,23719.373378445765,2022-01-26,2022Q1,209022,Villa,regular_sale,1968,500000,0.0,4,100.0,5000.0,Kværndrup Vænge 34,5772,Kværndrup,Fyn & islands,Fyn & islands,0.0,7.7,3.73,E (Minimal),"Kværndrup Vænge 34, 5772 Kværndrup",6904.861083984375,-27.587247025181217,Distant (>10km)
"Egsmarkgårdvej 15, 8400 Ebeltoft",10.6505521,56.23335008,success,84088.85646232734,2022-05-05,2022Q2,182135,Summerhouse,regular_sale,2022,2935000,0.0,5,119.0,24663.865,Egsmarkgårdvej 15,8400,Ebeltoft,East & mid jutland,Jutland,0.0,7.7,3.73,B/A (High Efficiency),"Egsmarkgårdvej 15, 8400 Ebeltoft",12857.142578125,91.83006709700666,Distant (>10km)
"Lysholmparken 39, 4320 Lejre",11.955216,55.56183826,success,14555.069862871436,2023-11-13,2023Q4,58898,Villa,family_sale,2000,1800000,0.0,4,119.0,15126.051,Lysholmparken 39,4320,Lejre,Other islands,Zealand,3.6,3.31,4.79,C (Modern),"Lysholmparken 39, 4320 Lejre",15577.98095703125,-2.901083118716149,Distant (>10km)
"Bagsværd Hovedgade 116B, 4. a, 2880 Bagsværd",12.45586094,55.76082895,success,1433.0922661242312,2024-01-18,2024Q1,40070,Apartment,regular_sale,1969,1745000,-8.0,2,67.0,26044.775,"Bagsværd Hovedgade 116B, 4. a",2880,Bagsværd,"Capital, Copenhagen",Zealand,3.6,1.13,4.34,E (Minimal),"Bagsværd Hovedgade 116B, 4. a, 2880 Bagsværd",24680.1689453125,5.529161685790159,Close (1-5km)
"Skivevej 43, 7830 Vinderup",8.79728118,56.50430715,success,10207.223060706412,2023-04-07,2023Q2,111804,Villa,regular_sale,1939,1850000,-7.0,4,130.0,14230.77,Skivevej 43,7830,Vinderup,South jutland,Jutland,2.6,3.31,4.79,G/F (Pre-Insulation),"Skivevej 43, 7830 Vinderup",6374.835205078125,123.23352798067506,Distant (>10km)
"Fagerbo 17, 2640 Hedehusene",12.19408274,55.65884019,success,1192.296638080748,2022-03-13,2022Q1,196665,Townhouse,regular_sale,1984,2990000,-3.0,4,120.0,24916.666,Fagerbo 17,2640,Hedehusene,"Capital, Copenhagen",Zealand,0.0,7.7,3.73,D (Standard),"Fagerbo 17, 2640 Hedehusene",18783.783203125,32.64988073052127,Close (1-5km)
"Mannehøj 82, 6600 Vejen",9.12431591,55.45822576,success,14102.08871298589,2022-07-07,2022Q3,166351,Villa,regular_sale,2007,2750000,-5.0,5,168.0,16369.048,Mannehøj 82,6600,Vejen,South jutland,Jutland,0.0,7.7,3.73,C (Modern),"Mannehøj 82, 6600 Vejen",8537.16064453125,91.73878216814644,Distant (>10km)
"Bøstrupvej 37, 4270 Høng",11.2592831,55.482523,success,44020.12038549972,2024-07-10,2024Q3,1080499,Villa,regular_sale,1898,1095000,0.0,3,93.0,11774.193,Bøstrupvej 37,4270,Høng,Other islands,Zealand,3.35,1.13,4.34,G/F (Pre-Insulation),"Bøstrupvej 37, 4270 Høng",8750.0,34.56220982142857,Distant (>10km)
"Krageholmsvej 15, 4736 Karrebæksminde",11.67087392,55.16568842,success,59219.55755801972,2022-09-08,2022Q3,153664,Summerhouse,regular_sale,1975,1995000,0.0,4,90.0,22166.666,Krageholmsvej 15,4736,Karrebæksminde,Other islands,Zealand,0.0,7.7,3.73,E (Minimal),"Krageholmsvej 15, 4736 Karrebæksminde",15102.041015625,46.77927303131238,Distant (>10km)
"Rishøjvej 48, 3200 Helsinge",12.18736694,55.99236649,success,2784.7492764019385,2022-08-07,2022Q3,160756,Villa,regular_sale,1967,2395000,0.0,3,103.0,23252.428,Rishøjvej 48,3200,Helsinge,North Zealand,Zealand,0.0,7.7,3.73,E (Minimal),"Rishøjvej 48, 3200 Helsinge",14260.2041015625,63.0581692153145,Close (1-5km)
"Nørrebystrand 11, 5400 Bogense",10.24122799,55.60268453,success,19481.961052247218,2022-06-10,2022Q2,173043,Farm,regular_sale,1780,4200000,-7.0,9,278.0,15107.914,Nørrebystrand 11,5400,Bogense,Fyn & islands,Fyn & islands,0.0,7.7,3.73,G/F (Pre-Insulation),"Nørrebystrand 11, 5400 Bogense",9794.48193359375,54.24924120470217,Distant (>10km)
"Nørregade 96, st, 5592 Ejby",9.93958335,55.43483029,success,11078.463664746876,2023-08-13,2023Q3,78774,Apartment,regular_sale,1904,8000000,0.0,3,146.0,54794.52,"Nørregade 96, st",5592,Ejby,Fyn & islands,Fyn & islands,3.1,3.31,4.79,G/F (Pre-Insulation),"Nørregade 96, st, 5592 Ejby",6769.7705078125,709.3999562912159,Distant (>10km)
"Alssundvej 2, 6400 Sønderborg",9.76649027,54.91376767,success,23181.60916729088,2023-02-02,2023Q1,126051,Villa,regular_sale,1964,3650000,-4.0,9,190.0,19210.525,Alssundvej 2,6400,Sønderborg,South jutland,Jutland,1.75,3.31,4.79,E (Minimal),"Alssundvej 2, 6400 Sønderborg",10489.32080078125,83.14365396465126,Distant (>10km)
"Mølleparken 384, 7190 Billund",9.09729777,55.73055081,success,44394.14745667593,2023-12-27,2023Q4,46204,Villa,regular_sale,1980,2495000,0.0,5,130.0,19192.309,Mølleparken 384,7190,Billund,South jutland,Jutland,3.6,3.31,4.79,D (Standard),"Mølleparken 384, 7190 Billund",14951.36279296875,28.3649447846698,Distant (>10km)
"Sandkrogen 32, 2800 Kongens Lyngby",12.47703106,55.76751339,success,807.720352940962,2023-03-27,2023Q1,114378,Townhouse,regular_sale,1957,7150000,0.0,4,133.0,53759.4,Sandkrogen 32,2800,Kongens Lyngby,"Capital, Copenhagen",Zealand,1.75,3.31,4.79,G/F (Pre-Insulation),"Sandkrogen 32, 2800 Kongens Lyngby",28964.125,85.60684445844645,Immediate (<1km)
"Pilevej 3, 8660 Skanderborg",9.95209567,56.03989334,success,67360.52204286019,2024-08-15,2024Q3,148102,Villa,regular_sale,1969,3350000,-4.0,5,159.0,21069.182,Pilevej 3,8660,Skanderborg,East & mid jutland,Jutland,3.35,1.13,4.34,E (Minimal),"Pilevej 3, 8660 Skanderborg",13685.7138671875,53.95018371047421,Distant (>10km)
"Høgevej 192, 8560 Kolind",10.55426856,56.32981021,success,71961.01076944369,2022-08-30,2022Q3,155868,Summerhouse,regular_sale,1979,650000,-7.0,4,74.0,8783.784,Høgevej 192,8560,Kolind,East & mid jutland,Jutland,0.0,7.7,3.73,D (Standard),"Høgevej 192, 8560 Kolind",7278.74755859375,20.677137226950652,Distant (>10km)
"Bellisvej 37, 6700 Esbjerg",8.47534774,55.46592144,success,42950.61153599217,2024-08-31,2024Q3,88226,Villa,family_sale,1961,551200,0.0,3,65.0,8480.0,Bellisvej 37,6700,Esbjerg,South jutland,Jutland,3.35,1.13,4.34,E (Minimal),"Bellisvej 37, 6700 Esbjerg",15277.77734375,-44.494543877685906,Distant (>10km)
"Niels Finsens Alle 88, 2860 Søborg",12.51342789,55.73703003,success,1531.8658300896095,2023-04-15,2023Q2,110424,Villa,regular_sale,1903,8661000,2.0,6,152.0,56980.26,Niels Finsens Alle 88,2860,Søborg,"Capital, Copenhagen",Zealand,2.6,3.31,4.79,G/F (Pre-Insulation),"Niels Finsens Alle 88, 2860 Søborg",25953.947265625,119.54372156029673,Close (1-5km)
"Salomons Brink 2, 5683 Haarby",10.11744126,55.2144973,success,25148.845672422765,2022-06-06,2022Q2,174180,Villa,regular_sale,1973,1300000,-13.0,4,150.0,8666.667,Salomons Brink 2,5683,Haarby,Fyn & islands,Fyn & islands,0.0,7.7,3.73,E (Minimal),"Salomons Brink 2, 5683 Haarby",6801.639404296875,27.42026557174452,Distant (>10km)
"Mølletoften 4, 6630 Rødding",9.1515794,55.42045602,success,10198.24876998073,2023-12-18,2023Q4,48679,Villa,regular_sale,1962,850000,0.0,7,136.0,6250.0,Mølletoften 4,6630,Rødding,South jutland,Jutland,3.6,3.31,4.79,E (Minimal),"Mølletoften 4, 6630 Rødding",5833.33349609375,7.142854153380185,Distant (>10km)
"Dalby Alle 16, 9230 Svenstrup J",9.88275918,56.98971972,success,3954.674709019112,2024-05-26,2024Q2,9853,Villa,regular_sale,1962,1475000,0.0,5,107.0,13785.047,Dalby Alle 16,9230,Svenstrup J,North jutland,Jutland,3.6,1.13,4.34,E (Minimal),"Dalby Alle 16, 9230 Svenstrup J",10465.1162109375,31.72378210757671,Close (1-5km)
"Brogårdsvej 43, 6880 Tarm",8.49782709,55.90533547,success,13673.097698031,2022-03-09,2022Q1,197399,Villa,regular_sale,1980,775000,0.0,4,120.0,6458.3335,Brogårdsvej 43,6880,Tarm,South jutland,Jutland,0.0,7.7,3.73,D (Standard),"Brogårdsvej 43, 6880 Tarm",6435.6435546875,0.3525667823806592,Distant (>10km)
"Margretheholmsvej 70, 3. tv, 1432 København K",12.61554821,55.6864719,success,8272.661698963113,2023-02-28,2023Q1,120520,Apartment,regular_sale,2014,4500000,0.0,4,92.0,48913.043,"Margretheholmsvej 70, 3. tv",1432,København K,"Capital, Copenhagen",Zealand,1.75,3.31,4.79,B/A (High Efficiency),"Margretheholmsvej 70, 3. tv, 1432 København K",41910.548828125,16.708190029536958,Nearby (5-10km)
"Byhøjdalen 61, 8380 Trige",10.16107114,56.25568265,success,60371.0771376109,2022-11-22,2022Q4,138196,Villa,regular_sale,2019,4150000,-1.0,5,158.0,26265.822,Byhøjdalen 61,8380,Trige,East & mid jutland,Jutland,0.65,7.7,3.73,B/A (High Efficiency),"Byhøjdalen 61, 8380 Trige",14019.01806640625,87.35850215191424,Distant (>10km)
"Vindelevgård 99, 7830 Vinderup",8.78906867,56.47534612,success,7349.6168101792355,2024-09-19,2024Q3,40657,Villa,regular_sale,1976,1775000,-4.0,8,172.0,10319.768,Vindelevgård 99,7830,Vinderup,South jutland,Jutland,3.35,1.13,4.34,E (Minimal),"Vindelevgård 99, 7830 Vinderup",6374.835205078125,61.88289181035432,Nearby (5-10km)
"Rødslet 63A, 9430 Vadum",9.85847359,57.12125653,success,8157.581428023509,2022-12-11,2022Q4,135023,Townhouse,regular_sale,1968,595000,0.0,2,59.0,10084.746,Rødslet 63A,9430,Vadum,North jutland,Jutland,0.65,7.7,3.73,E (Minimal),"Rødslet 63A, 9430 Vadum",8653.845703125,16.53484981952343,Nearby (5-10km)
"Nis Petersens Gård 6, 2. th, 7400 Herning",8.97367644,56.13794862,success,23462.28126457373,2024-04-08,2024Q2,22082,Apartment,regular_sale,2015,2600000,-2.0,3,109.0,23853.21,"Nis Petersens Gård 6, 2. th",7400,Herning,South jutland,Jutland,3.6,1.13,4.34,B/A (High Efficiency),"Nis Petersens Gård 6, 2. th, 7400 Herning",10933.69970703125,118.16230166043853,Distant (>10km)
"Milanovej 4, 2. th, 2300 København S",12.62327333,55.66113838,success,10876.24900945555,2023-02-14,2023Q1,123743,Apartment,regular_sale,1932,2450000,-2.0,2,58.0,42241.38,"Milanovej 4, 2. th",2300,København S,"Capital, Copenhagen",Zealand,1.75,3.31,4.79,G/F (Pre-Insulation),"Milanovej 4, 2. th, 2300 København S",35377.359375,19.402294723275965,Distant (>10km)
"Gørlev Landevej 16, 4270 Høng",11.26231999,55.50520767,success,44916.54555956055,2023-08-06,2023Q3,80401,Farm,regular_sale,2020,307003,0.0,5,246.0,1247.9796,Gørlev Landevej 16,4270,Høng,Other islands,Zealand,3.1,3.31,4.79,B/A (High Efficiency),"Gørlev Landevej 16, 4270 Høng",8750.0,-85.73737583705358,Distant (>10km)
"Drosselvang 1, 3450 Allerød",12.3594869,55.88349894,success,12220.717700642694,2023-01-26,2023Q1,127488,Villa,regular_sale,1966,4995000,0.0,6,168.0,29732.143,Drosselvang 1,3450,Allerød,North Zealand,Zealand,1.75,3.31,4.79,E (Minimal),"Drosselvang 1, 3450 Allerød",21500.0,38.289035247093025,Distant (>10km)
"Haverslevvej 77, 9520 Skørping",9.7498025,56.8200308,success,4037.273481176024,2022-12-26,2022Q4,132298,Villa,regular_sale,1948,1100000,-12.0,5,120.0,9166.667,Haverslevvej 77,9520,Skørping,North jutland,Jutland,0.65,7.7,3.73,G/F (Pre-Insulation),"Haverslevvej 77, 9520 Skørping",7941.17626953125,15.43210578712652,Close (1-5km)
"Fanøvej 4, 4800 Nykøbing F",11.88699339,54.75344214,success,73232.13494462491,2023-06-18,2023Q2,94328,Villa,regular_sale,1964,2100000,-2.0,6,178.0,11797.753,Fanøvej 4,4800,Nykøbing F,Other islands,Zealand,2.6,3.31,4.79,E (Minimal),"Fanøvej 4, 4800 Nykøbing F",9230.76953125,27.808985911165824,Distant (>10km)
"Langkær Vænge 39, 3500 Værløse",12.37920139,55.78863311,success,2894.7291042360707,2023-11-29,2023Q4,54188,Townhouse,regular_sale,1971,5995000,0.0,4,145.0,41344.83,Langkær Vænge 39,3500,Værløse,North Zealand,Zealand,3.6,3.31,4.79,E (Minimal),"Langkær Vænge 39, 3500 Værløse",24581.005859375,68.19827618743035,Close (1-5km)
"Rengegade 14B, 4660 Store Heddinge",12.38910604,55.30772464,success,37308.52640525722,2022-05-04,2022Q2,182174,Townhouse,regular_sale,1883,1825000,-4.0,3,78.0,23397.436,Rengegade 14B,4660,Store Heddinge,Other islands,Zealand,0.0,7.7,3.73,G/F (Pre-Insulation),"Rengegade 14B, 4660 Store Heddinge",9318.181640625,151.09443504372018,Distant (>10km)
"Digestien 157L, 4970 Rødby",11.32902063,54.66804104,success,41966.75128797212,2022-07-24,2022Q3,163281,Summerhouse,regular_sale,2003,1700000,-3.0,4,103.0,16504.854,Digestien 157L,4970,Rødby,Other islands,Zealand,0.0,7.7,3.73,C (Modern),"Digestien 157L, 4970 Rødby",7050.505126953125,134.09462468907628,Distant (>10km)
"Rødtjørnvej 41, 8471 Sabro",10.04170182,56.2081571,success,60419.58626953331,2023-10-15,2023Q4,66616,Villa,regular_sale,2007,4300000,-1.0,5,178.0,24157.303,Rødtjørnvej 41,8471,Sabro,East & mid jutland,Jutland,3.6,3.31,4.79,C (Modern),"Rødtjørnvej 41, 8471 Sabro",12140.63623046875,98.97888607969837,Distant (>10km)
"Kantorvænget 9, 2. 199, 8240 Risskov",10.205438,56.19972845,success,66951.99232907404,2022-08-17,2022Q3,158690,Apartment,regular_sale,1977,1800000,-7.0,2,72.0,25000.0,"Kantorvænget 9, 2. 199",8240,Risskov,East & mid jutland,Jutland,0.0,7.7,3.73,D (Standard),"Kantorvænget 9, 2. 199, 8240 Risskov",23302.46875,7.284769988158443,Distant (>10km)
"Willy Brandts Vej 1, st. tv, 2450 København SV",12.56253744,55.65728776,success,9910.218732461984,2023-05-01,2023Q2,106398,Apartment,regular_sale,2018,6300000,0.0,3,111.0,56756.758,"Willy Brandts Vej 1, st. tv",2450,København SV,"Capital, Copenhagen",Zealand,2.6,3.31,4.79,B/A (High Efficiency),"Willy Brandts Vej 1, st. tv, 2450 København SV",39639.640625,43.18181728596335,Nearby (5-10km)
"Uglevej 13, st. th, 2400 København NV",12.5258658,55.70394367,success,4578.768612374776,2022-06-22,2022Q2,170055,Apartment,regular_sale,1936,2000000,-5.0,2,53.0,37735.848,"Uglevej 13, st. th",2400,København NV,"Capital, Copenhagen",Zealand,0.0,7.7,3.73,G/F (Pre-Insulation),"Uglevej 13, st. th, 2400 København NV",31250.0,20.7547125,Close (1-5km)
"Slugten 14, 9800 Hjørring",9.9789095,57.45184179,success,41255.950961191054,2022-07-02,2022Q3,167636,Villa,regular_sale,1972,2700000,-5.0,6,209.0,12918.66,Slugten 14,9800,Hjørring,North jutland,Jutland,0.0,7.7,3.73,E (Minimal),"Slugten 14, 9800 Hjørring",9471.154296875,36.40006013324587,Distant (>10km)
"Falkevej 4, 9480 Løkken",9.72328813,57.38163414,success,36693.9757856699,2022-07-29,2022Q3,162251,Summerhouse,family_sale,1968,620500,0.0,4,49.0,12663.266,Falkevej 4,9480,Løkken,North jutland,Jutland,0.0,7.7,3.73,E (Minimal),"Falkevej 4, 9480 Løkken",11023.1748046875,14.87857036989985,Distant (>10km)
"Nørregade 3, 1, 9850 Hirtshals",9.95684766,57.59045067,success,56694.875612543714,2023-05-21,2023Q2,101589,Villa,other_sale,1925,3463290,0.0,2,83.0,41726.387,"Nørregade 3, 1",9850,Hirtshals,North jutland,Jutland,2.6,3.31,4.79,G/F (Pre-Insulation),"Nørregade 3, 1, 9850 Hirtshals",6964.28564453125,499.14812298826246,Distant (>10km)
"Strandby Plads 1, 1. th, 6700 Esbjerg",8.43661831,55.47365826,success,42838.64075824331,2023-10-08,2023Q4,68522,Apartment,regular_sale,1939,900000,-5.0,2,59.0,15254.237,"Strandby Plads 1, 1. th",6700,Esbjerg,South jutland,Jutland,3.6,3.31,4.79,G/F (Pre-Insulation),"Strandby Plads 1, 1. th, 6700 Esbjerg",15277.77734375,-0.1540802600590983,Distant (>10km)
"Uglesti 7, 4305 Orø",11.82822594,55.79409232,success,25212.979508177992,2023-04-27,2023Q2,107133,Summerhouse,family_sale,1960,600000,0.0,3,45.0,13333.333,Uglesti 7,4305,Orø,Other islands,Zealand,2.6,3.31,4.79,G/F (Pre-Insulation),"Uglesti 7, 4305 Orø",9832.08984375,35.610365850024735,Distant (>10km)
"Ribevej 3, 7171 Uldum",9.57263731,55.83108533,success,55238.81377310467,2023-07-12,2023Q3,85278,Villa,regular_sale,1923,3405000,-3.0,7,292.0,11660.959,Ribevej 3,7171,Uldum,South jutland,Jutland,3.1,3.31,4.79,G/F (Pre-Insulation),"Ribevej 3, 7171 Uldum",7098.21435546875,64.28017527240394,Distant (>10km)
"Græsholmvænget 12, st, 5610 Assens",9.89976118,55.2790206,success,22544.50487522961,2024-06-23,2024Q2,2445,Apartment,regular_sale,2007,1600000,0.0,3,99.0,16161.616,"Græsholmvænget 12, st",5610,Assens,Fyn & islands,Fyn & islands,3.6,1.13,4.34,C (Modern),"Græsholmvænget 12, st, 5610 Assens",8225.087890625,96.49171444549059,Distant (>10km)
"Ligustervej 8, 8600 Silkeborg",9.47853445,56.15120179,success,43121.26570960718,2023-10-28,2023Q4,63130,Villa,regular_sale,1970,2525000,-5.0,5,136.0,18566.176,Ligustervej 8,8600,Silkeborg,East & mid jutland,Jutland,3.6,3.31,4.79,E (Minimal),"Ligustervej 8, 8600 Silkeborg",14794.48193359375,25.493923103125937,Distant (>10km)
"Parkvej 33, st, 7400 Herning",8.99171514,56.13617352,success,24037.05697088189,2024-04-17,2024Q2,19341,Apartment,regular_sale,1936,1550000,-3.0,3,82.0,18902.44,"Parkvej 33, st",7400,Herning,South jutland,Jutland,3.6,1.13,4.34,G/F (Pre-Insulation),"Parkvej 33, st, 7400 Herning",10933.69970703125,72.88237247790158,Distant (>10km)
"Haslundparken 94, 9310 Vodskov",10.13247739,57.07199874,success,9679.74984987411,2024-06-30,2024Q2,1506191,Villa,regular_sale,1987,2100000,-3.0,6,168.0,12500.0,Haslundparken 94,9310,Vodskov,North jutland,Jutland,3.6,1.13,4.34,D (Standard),"Haslundparken 94, 9310 Vodskov",9772.7275390625,27.906973258349204,Nearby (5-10km)
"Rønhøjs Ager 14, 8300 Odder",10.1214616,55.97624311,success,59459.42218059459,2022-02-09,2022Q1,205473,Villa,regular_sale,2013,4495000,0.0,6,170.0,26441.176,Rønhøjs Ager 14,8300,Odder,East & mid jutland,Jutland,0.0,7.7,3.73,B/A (High Efficiency),"Rønhøjs Ager 14, 8300 Odder",12500.0,111.52940625000001,Distant (>10km)
"Kildehaven 78, 8520 Lystrup",10.22708388,56.23353434,success,64894.96876209989,2023-06-06,2023Q2,97513,Townhouse,regular_sale,1991,2100000,-2.0,3,81.0,25925.926,Kildehaven 78,8520,Lystrup,East & mid jutland,Jutland,2.6,3.31,4.79,D (Standard),"Kildehaven 78, 8520 Lystrup",17229.73046875,50.47203337436132,Distant (>10km)
"Nimbusparken 7, 2. 1, 2000 Frederiksberg",12.51520491,55.68033,success,6121.4111689819165,2022-02-24,2022Q1,201224,Apartment,regular_sale,2005,6995000,0.0,4,109.0,64174.312,"Nimbusparken 7, 2. 1",2000,Frederiksberg,"Capital, Copenhagen",Zealand,0.0,7.7,3.73,C (Modern),"Nimbusparken 7, 2. 1, 2000 Frederiksberg",36890.2421875,73.96012792170016,Nearby (5-10km)
"Højtoftevej 9, 7100 Vejle",9.57703861,55.79746895,success,52178.77908635928,2024-05-12,2024Q2,13195,Villa,regular_sale,1972,1285000,0.0,3,120.0,10708.333,Højtoftevej 9,7100,Vejle,South jutland,Jutland,3.6,1.13,4.34,E (Minimal),"Højtoftevej 9, 7100 Vejle",13125.0,-18.412700892857142,Distant (>10km)
"Humlebæk Strandvej 94, 3050 Humlebæk",12.53048928,55.9576629,success,16802.568195937823,2022-02-07,2022Q1,206043,Villa,regular_sale,1951,5225000,-5.0,4,113.0,46238.938,Humlebæk Strandvej 94,3050,Humlebæk,North Zealand,Zealand,0.0,7.7,3.73,G/F (Pre-Insulation),"Humlebæk Strandvej 94, 3050 Humlebæk",19350.283203125,138.9574199747763,Distant (>10km)
"Søbakkevej 4, 2. 2, 2640 Hedehusene",12.20735792,55.64423282,success,1252.426277535974,2022-11-23,2022Q4,137949,Apartment,regular_sale,2022,2500000,-4.0,3,72.0,34722.223,"Søbakkevej 4, 2. 2",2640,Hedehusene,"Capital, Copenhagen",Zealand,0.65,7.7,3.73,B/A (High Efficiency),"Søbakkevej 4, 2. 2, 2640 Hedehusene",18783.783203125,84.85212633029842,Close (1-5km)
"Fyrrelunden 33, 6840 Oksbøl",8.31092997,55.67104461,success,20013.938005311677,2023-02-23,2023Q1,121519,Summerhouse,regular_sale,1995,1520000,-4.0,5,119.0,12773.109,Fyrrelunden 33,6840,Oksbøl,South jutland,Jutland,1.75,3.31,4.79,C (Modern),"Fyrrelunden 33, 6840 Oksbøl",9062.5,40.94465517241379,Distant (>10km)
"Himmelev Sognevej 79, 4000 Roskilde",12.10233882,55.65788371,success,4129.146034328549,2023-06-29,2023Q2,90967,Villa,regular_sale,1964,5755000,-1.0,8,192.0,29973.959,Himmelev Sognevej 79,4000,Roskilde,Other islands,Zealand,2.6,3.31,4.79,E (Minimal),"Himmelev Sognevej 79, 4000 Roskilde",21404.109375,40.038337775383376,Close (1-5km)
"Mågevænget 38, 6893 Hemmet",8.26988904,55.83799141,success,2320.0896152344185,2024-09-04,2024Q3,87503,Summerhouse,regular_sale,1972,660000,0.0,4,57.0,11578.947,Mågevænget 38,6893,Hemmet,South jutland,Jutland,3.35,1.13,4.34,E (Minimal),"Mågevænget 38, 6893 Hemmet",10070.4228515625,14.979752452285966,Close (1-5km)
"Poppel Alle 18, 2840 Holte",12.47834129,55.8155363,success,2274.987163199879,2022-02-21,2022Q1,202177,Villa,regular_sale,1922,10000000,-8.0,5,185.0,54054.055,Poppel Alle 18,2840,Holte,"Capital, Copenhagen",Zealand,0.0,7.7,3.73,G/F (Pre-Insulation),"Poppel Alle 18, 2840 Holte",28056.5546875,92.66105653229985,Close (1-5km)
"Arkonagade 15, 4. tv, 1726 København V",12.55323396,55.66529434,success,8936.9933734515,2024-06-09,2024Q2,6383,Apartment,regular_sale,1904,6295000,0.0,4,89.0,70730.336,"Arkonagade 15, 4. tv",1726,København V,"Capital, Copenhagen",Zealand,3.6,1.13,4.34,G/F (Pre-Insulation),"Arkonagade 15, 4. tv, 1726 København V",48780.48828125,44.99718725588684,Nearby (5-10km)
"Vangeled 6, 3300 Frederiksværk",12.04212162,56.01033059,success,11866.367346561625,2023-10-30,2023Q4,62714,Summerhouse,family_sale,1960,1800000,0.0,5,116.0,15517.241,Vangeled 6,3300,Frederiksværk,North Zealand,Zealand,3.6,3.31,4.79,G/F (Pre-Insulation),"Vangeled 6, 3300 Frederiksværk",13568.66015625,14.360895123384337,Distant (>10km)
"Præstefælledvej 45, 2770 Kastrup",12.60094372,55.6217747,success,14333.839421967874,2022-01-10,2022Q1,213986,Villa,regular_sale,2023,2750000,0.0,7,180.0,15277.777,Præstefælledvej 45,2770,Kastrup,"Capital, Copenhagen",Zealand,0.0,7.7,3.73,B/A (High Efficiency),"Præstefælledvej 45, 2770 Kastrup",22966.666015625,-33.47847121843453,Distant (>10km)
"Lathyrusvej 13, 8400 Ebeltoft",10.68141643,56.18778744,success,88978.29595688637,2022-03-02,2022Q1,199496,Villa,regular_sale,1972,1710000,0.0,5,140.0,12214.286,Lathyrusvej 13,8400,Ebeltoft,East & mid jutland,Jutland,0.0,7.7,3.73,E (Minimal),"Lathyrusvej 13, 8400 Ebeltoft",12857.142578125,-4.999994683159606,Distant (>10km)
"Langdyssegårdsvej 31, 3500 Værløse",12.32048829,55.76235765,success,5441.462971209419,2023-09-14,2023Q3,74719,Townhouse,regular_sale,2020,3625000,-2.0,4,110.0,32954.547,Langdyssegårdsvej 31,3500,Værløse,North Zealand,Zealand,3.1,3.31,4.79,B/A (High Efficiency),"Langdyssegårdsvej 31, 3500 Værløse",24581.005859375,34.06508693553481,Nearby (5-10km)
"Grønhøjgade 30, 6600 Vejen",9.13989517,55.46909096,success,15393.76686978634,2023-11-20,2023Q4,56854,Villa,regular_sale,1986,1690000,-3.0,6,203.0,8325.123,Grønhøjgade 30,6600,Vejen,South jutland,Jutland,3.6,3.31,4.79,D (Standard),"Grønhøjgade 30, 6600 Vejen",8537.16064453125,-2.4837016249902413,Distant (>10km)
"Mejlholmgade 83, 5000 Odense C",10.38934059,55.41863695,success,13267.188594561048,2024-04-10,2024Q2,21404,Townhouse,regular_sale,2014,2900000,-3.0,4,106.0,27358.49,Mejlholmgade 83,5000,Odense C,Fyn & islands,Fyn & islands,3.6,1.13,4.34,B/A (High Efficiency),"Mejlholmgade 83, 5000 Odense C",21551.724609375,26.9433919106133,Distant (>10km)
"Nordre Jernbanevej 22, 1, 3400 Hillerød",12.30990222,55.92899288,success,7611.56988601908,2023-06-06,2023Q2,97678,Apartment,regular_sale,1914,2400000,-11.0,4,88.0,27272.727,"Nordre Jernbanevej 22, 1",3400,Hillerød,North Zealand,Zealand,2.6,3.31,4.79,G/F (Pre-Insulation),"Nordre Jernbanevej 22, 1, 3400 Hillerød",20338.982421875,34.09090974564988,Nearby (5-10km)
"Lendumvej 75, 9900 Frederikshavn",10.4039383,57.43760173,success,47407.897090070175,2023-11-19,2023Q4,57033,Villa,regular_sale,1900,500000,0.0,2,155.0,3225.8064,Lendumvej 75,9900,Frederikshavn,North jutland,Jutland,3.6,3.31,4.79,G/F (Pre-Insulation),"Lendumvej 75, 9900 Frederikshavn",7594.9365234375,-57.52688140934769,Distant (>10km)
"Holdgårdsvej 27, 7260 Sønder Omme",8.90132118,55.83573287,success,37593.04964269759,2022-07-10,2022Q3,165748,Villa,regular_sale,1934,460000,0.0,2,84.0,5476.1904,Holdgårdsvej 27,7260,Sønder Omme,South jutland,Jutland,0.0,7.7,3.73,G/F (Pre-Insulation),"Holdgårdsvej 27, 7260 Sønder Omme",6019.513427734375,-9.026028508277138,Distant (>10km)
"Banegårdsvej 31, 1, 8660 Skanderborg",9.92742915,56.03956922,success,67582.7663836634,2023-04-01,2023Q2,113040,Apartment,family_sale,1904,3050000,0.0,2,85.0,35882.35,"Banegårdsvej 31, 1",8660,Skanderborg,East & mid jutland,Jutland,2.6,3.31,4.79,G/F (Pre-Insulation),"Banegårdsvej 31, 1, 8660 Skanderborg",13685.7138671875,162.1883806041756,Distant (>10km)
"Brombærhaven 6, 4070 Kirke Hyllinge",11.90021831,55.69930939,success,16930.690403706933,2022-06-11,2022Q2,172960,Townhouse,regular_sale,2007,3300000,-3.0,5,156.0,21153.846,Brombærhaven 6,4070,Kirke Hyllinge,Other islands,Zealand,0.0,7.7,3.73,C (Modern),"Brombærhaven 6, 4070 Kirke Hyllinge",11818.181640625,78.99408171565628,Distant (>10km)
"Hvedevej 4, 4671 Strøby",12.28448375,55.38181859,success,27318.01445921791,2024-08-08,2024Q3,359263,Villa,regular_sale,1952,2675000,-4.0,5,107.0,25000.0,Hvedevej 4,4671,Strøby,Other islands,Zealand,3.35,1.13,4.34,G/F (Pre-Insulation),"Hvedevej 4, 4671 Strøby",13849.08203125,80.51737973382149,Distant (>10km)
"Pileurten 7, 5450 Otterup",10.38713062,55.52276948,success,19193.985116254506,2024-09-17,2024Q3,41156,Villa,regular_sale,2007,2250000,0.0,5,145.0,15517.241,Pileurten 7,5450,Otterup,Fyn & islands,Fyn & islands,3.35,1.13,4.34,C (Modern),"Pileurten 7, 5450 Otterup",8921.568359375,73.92952209609656,Distant (>10km)
"Plantagevej 7, 4652 Hårlev",12.22456291,55.35183318,success,29822.389148689286,2023-11-30,2023Q4,54107,Villa,regular_sale,1968,1350000,0.0,4,116.0,11637.931,Plantagevej 7,4652,Hårlev,Other islands,Zealand,3.6,3.31,4.79,E (Minimal),"Plantagevej 7, 4652 Hårlev",10420.353515625,11.684605005116001,Distant (>10km)
"Flintevænget 19, 2640 Hedehusene",12.19144684,55.64555898,success,359.16165456797665,2024-08-15,2024Q3,148135,Townhouse,regular_sale,1985,3495000,0.0,4,120.0,29125.0,Flintevænget 19,2640,Hedehusene,"Capital, Copenhagen",Zealand,3.35,1.13,4.34,D (Standard),"Flintevænget 19, 2640 Hedehusene",18783.783203125,55.05396162767979,Immediate (<1km)
"Hersomsvej 8, 9610 Nørager",9.63428833,56.7104841,success,7417.648582193117,2023-04-25,2023Q2,107901,Villa,regular_sale,1972,800000,-6.0,4,114.0,7017.544,Hersomsvej 8,9610,Nørager,North jutland,Jutland,2.6,3.31,4.79,E (Minimal),"Hersomsvej 8, 9610 Nørager",5845.0703125,20.059187830556997,Nearby (5-10km)
"Edithsvej 12, 8220 Brabrand",10.13969379,56.15445908,success,68707.48579639543,2024-03-02,2024Q1,30756,Villa,regular_sale,1952,3300000,-3.0,5,135.0,24444.445,Edithsvej 12,8220,Brabrand,East & mid jutland,Jutland,3.6,1.13,4.34,G/F (Pre-Insulation),"Edithsvej 12, 8220 Brabrand",18070.865234375,35.269922028973824,Distant (>10km)
"Ved Andebakken 8, 4. tv, 2000 Frederiksberg",12.52854628,55.67950713,success,6822.370177517706,2023-12-20,2023Q4,47263,Apartment,regular_sale,1941,3075000,0.0,2,59.0,52118.645,"Ved Andebakken 8, 4. tv",2000,Frederiksberg,"Capital, Copenhagen",Zealand,3.6,3.31,4.79,G/F (Pre-Insulation),"Ved Andebakken 8, 4. tv, 2000 Frederiksberg",36890.2421875,41.28029918141887,Nearby (5-10km)
"Vinkelvej 25, 7130 Juelsminde",10.05163703,55.81861225,success,42126.749598668444,2022-08-24,2022Q3,157001,Villa,regular_sale,1969,3026000,0.0,5,120.0,25216.666,Vinkelvej 25,7130,Juelsminde,South jutland,Jutland,0.0,7.7,3.73,E (Minimal),"Vinkelvej 25, 7130 Juelsminde",10488.7353515625,140.41664862741047,Distant (>10km)
"Piavænget 17, 5270 Odense N",10.35881254,55.4211695,success,15186.84465072126,2022-01-27,2022Q1,208826,Villa,regular_sale,1967,2225000,-3.0,4,110.0,20227.273,Piavænget 17,5270,Odense N,Fyn & islands,Fyn & islands,0.0,7.7,3.73,E (Minimal),"Piavænget 17, 5270 Odense N",11016.94921875,83.6014039447031,Distant (>10km)
"Skolegade 24, 8881 Thorsø",9.78976372,56.30549128,success,43776.3785053447,2023-06-11,2023Q2,96351,Villa,regular_sale,1913,2700000,-10.0,8,231.0,11688.312,Skolegade 24,8881,Thorsø,East & mid jutland,Jutland,2.6,3.31,4.79,G/F (Pre-Insulation),"Skolegade 24, 8881 Thorsø",8100.816650390625,44.28559524148574,Distant (>10km)
"Kolby Hovedgade 35A, 8305 Samsø",10.55628303,55.79724175,success,46561.042033281,2023-07-31,2023Q3,81708,Villa,regular_sale,1968,800000,0.0,7,174.0,4597.701,Kolby Hovedgade 35A,8305,Samsø,East & mid jutland,Jutland,3.1,3.31,4.79,E (Minimal),"Kolby Hovedgade 35A, 8305 Samsø",7941.17626953125,-42.10302081424025,Distant (>10km)
"Skolevej 1, st, 4050 Skibby",11.95693464,55.74803483,success,15645.66493831447,2024-01-03,2024Q1,45218,Apartment,regular_sale,1957,3000000,0.0,3,72.0,41666.668,"Skolevej 1, st",4050,Skibby,Other islands,Zealand,3.6,1.13,4.34,G/F (Pre-Insulation),"Skolevej 1, st, 4050 Skibby",11721.44384765625,255.47385211491175,Distant (>10km)
"Nærum Hovedgade 17, st. tv, 2850 Nærum",12.53144523,55.81867434,success,1625.3472198424583,2022-02-22,2022Q1,201835,Apartment,regular_sale,1948,2420000,-1.0,3,72.0,33611.11,"Nærum Hovedgade 17, st. tv",2850,Nærum,"Capital, Copenhagen",Zealand,0.0,7.7,3.73,G/F (Pre-Insulation),"Nærum Hovedgade 17, st. tv, 2850 Nærum",25804.5732421875,30.25252950143626,Close (1-5km)
"Teglgårdsvej 629, 2. th, 3050 Humlebæk",12.52488282,55.95708915,success,16769.83218662174,2023-02-15,2023Q1,123316,Apartment,regular_sale,1970,1810000,-4.0,4,90.0,20111.111,"Teglgårdsvej 629, 2. th",3050,Humlebæk,North Zealand,Zealand,1.75,3.31,4.79,E (Minimal),"Teglgårdsvej 629, 2. th, 3050 Humlebæk",19350.283203125,3.93187074841948,Distant (>10km)
"Magnoliavej 15, 8260 Viby J",10.18892953,56.1346675,success,72226.84597209524,2022-01-23,2022Q1,210360,Villa,regular_sale,1941,10400000,-5.0,8,205.0,50731.707,Magnoliavej 15,8260,Viby J,East & mid jutland,Jutland,0.0,7.7,3.73,G/F (Pre-Insulation),"Magnoliavej 15, 8260 Viby J",18317.7578125,176.95369460901372,Distant (>10km)
"Bakkevænget 5, 8410 Rønde",10.58513709,56.28714255,success,76871.65117937332,2022-09-19,2022Q3,151712,Villa,regular_sale,1998,1700000,-5.0,4,124.0,13709.678,Bakkevænget 5,8410,Rønde,East & mid jutland,Jutland,0.0,7.7,3.73,C (Modern),"Bakkevænget 5, 8410 Rønde",10937.5,25.345625,Distant (>10km)
"Drosselvej 5, 3000 Helsingør",12.57396162,56.04098781,success,22347.31405129479,2023-12-10,2023Q4,51505,Villa,regular_sale,1953,1925000,-4.0,3,70.0,27500.0,Drosselvej 5,3000,Helsingør,North Zealand,Zealand,3.6,3.31,4.79,G/F (Pre-Insulation),"Drosselvej 5, 3000 Helsingør",20600.0,33.49514563106796,Distant (>10km)
"Nellikevej 10, 3390 Hundested",11.88230901,55.94792579,success,21508.55893305186,2022-11-20,2022Q4,138658,Villa,regular_sale,2006,2810000,2.0,4,132.0,21287.879,Nellikevej 10,3390,Hundested,North Zealand,Zealand,0.65,7.7,3.73,C (Modern),"Nellikevej 10, 3390 Hundested",12957.38525390625,64.29147153614471,Distant (>10km)
"Nykøbingvej 39, 4850 Stubbekøbing",12.03599069,54.88507916,success,81903.09479316964,2024-07-16,2024Q3,1079245,Villa,regular_sale,1913,500000,1.0,5,103.0,4854.369,Nykøbingvej 39,4850,Stubbekøbing,Other islands,Zealand,3.35,1.13,4.34,G/F (Pre-Insulation),"Nykøbingvej 39, 4850 Stubbekøbing",6904.797607421875,-29.69570700512491,Distant (>10km)
"Hagenstrupvej 42, 8860 Ulstrup",9.74361987,56.38151899,success,34855.751757996426,2023-10-20,2023Q4,65044,Farm,regular_sale,1900,3525000,-12.0,7,250.0,14100.0,Hagenstrupvej 42,8860,Ulstrup,East & mid jutland,Jutland,3.6,3.31,4.79,G/F (Pre-Insulation),"Hagenstrupvej 42, 8860 Ulstrup",7190.52783203125,96.09130691615577,Distant (>10km)
"Knudshoved 24, 9370 Hals",10.34141813,57.02887586,success,23054.123088965367,2023-01-09,2023Q1,130631,Summerhouse,regular_sale,1971,650000,-6.0,3,63.0,10317.46,Knudshoved 24,9370,Hals,North jutland,Jutland,1.75,3.31,4.79,E (Minimal),"Knudshoved 24, 9370 Hals",9074.537109375,13.696818213222395,Distant (>10km)
"Meldgårdvej 34, 7500 Holstebro",8.63417879,56.3740819,success,7408.137375635675,2024-01-29,2024Q1,38127,Townhouse,regular_sale,1991,1200000,-6.0,4,90.0,13333.333,Meldgårdvej 34,7500,Holstebro,South jutland,Jutland,3.6,1.13,4.34,D (Standard),"Meldgårdvej 34, 7500 Holstebro",10259.25341796875,29.963969741302996,Nearby (5-10km)
"Vesterå 7, 1. th, 9000 Aalborg",9.91796916,57.05012528,success,4312.399992838482,2022-06-29,2022Q2,168236,Apartment,regular_sale,1889,1400000,0.0,3,83.0,16867.47,"Vesterå 7, 1. th",9000,Aalborg,North jutland,Jutland,0.0,7.7,3.73,G/F (Pre-Insulation),"Vesterå 7, 1. th, 9000 Aalborg",19246.03125,-12.358706665172853,Close (1-5km)
"Alleen 20, 4736 Karrebæksminde",11.64861711,55.17797189,success,58830.79299822296,2023-11-06,2023Q4,60830,Townhouse,regular_sale,1850,3600000,-3.0,5,124.0,29032.258,Alleen 20,4736,Karrebæksminde,Other islands,Zealand,3.6,3.31,4.79,G/F (Pre-Insulation),"Alleen 20, 4736 Karrebæksminde",15102.041015625,92.240623518784,Distant (>10km)
"Egerupvej 10, 4100 Ringsted",11.73024151,55.44789296,success,33272.11101961489,2022-07-24,2022Q3,163164,Villa,regular_sale,1877,1100000,-12.0,3,142.0,7746.479,Egerupvej 10,4100,Ringsted,Other islands,Zealand,0.0,7.7,3.73,G/F (Pre-Insulation),"Egerupvej 10, 4100 Ringsted",12581.69921875,-38.4305818377697,Distant (>10km)
"Lille Færgestræde 7, 4220 Korsør",11.13320441,55.33814058,success,34879.17349360469,2023-01-08,2023Q1,130865,Villa,regular_sale,1900,1250000,0.0,7,231.0,5411.2554,Lille Færgestræde 7,4220,Korsør,Other islands,Zealand,1.75,3.31,4.79,G/F (Pre-Insulation),"Lille Færgestræde 7, 4220 Korsør",9354.1728515625,-42.15142849119079,Distant (>10km)
"Peder Skrams Gade 1, 1. tv, 9000 Aalborg",9.9035685,57.05537378,success,4613.413678018903,2024-04-19,2024Q2,18885,Apartment,regular_sale,1936,1425000,-5.0,2,65.0,21923.076,"Peder Skrams Gade 1, 1. tv",9000,Aalborg,North jutland,Jutland,3.6,1.13,4.34,G/F (Pre-Insulation),"Peder Skrams Gade 1, 1. tv, 9000 Aalborg",19246.03125,13.909594591742128,Close (1-5km)
"Hybenvej 16, 4700 Næstved",11.73769205,55.23790945,success,50146.978508492175,2023-11-12,2023Q4,59246,Villa,regular_sale,1961,2680000,-4.0,6,205.0,13073.171,Hybenvej 16,4700,Næstved,Other islands,Zealand,3.6,3.31,4.79,E (Minimal),"Hybenvej 16, 4700 Næstved",11089.69873046875,17.88571733260161,Distant (>10km)
"Fittingvej 6, 6623 Vorbasse",9.09894138,55.62451737,success,32594.10972887941,2022-12-29,2022Q4,131872,Villa,regular_sale,1965,799000,0.0,4,133.0,6007.5186,Fittingvej 6,6623,Vorbasse,South jutland,Jutland,0.65,7.7,3.73,E (Minimal),"Fittingvej 6, 6623 Vorbasse",6554.05419921875,-8.338894185470691,Distant (>10km)
"Gerdasvej 20, 9670 Løgstør",9.21319936,56.84523936,success,27406.010258058734,2024-10-21,2024Q4,106,Summerhouse,regular_sale,1994,1080000,0.0,3,58.0,18620.69,Gerdasvej 20,9670,Løgstør,North jutland,Jutland,3.1,,,D (Standard),"Gerdasvej 20, 9670 Løgstør",6565.65673828125,183.6074165217401,Distant (>10km)
"Bentzonsvej 50B, 4. th, 2000 Frederiksberg",12.53033867,55.68665964,success,6457.2957720513705,2024-06-12,2024Q2,5215,Apartment,regular_sale,1898,4620000,-2.0,2,67.0,68955.23,"Bentzonsvej 50B, 4. th",2000,Frederiksberg,"Capital, Copenhagen",Zealand,3.6,1.13,4.34,G/F (Pre-Insulation),"Bentzonsvej 50B, 4. th, 2000 Frederiksberg",36890.2421875,86.9199616853288,Nearby (5-10km)
"Klokkerhaven 2B, 2. th, 2750 Ballerup",12.35954728,55.73549099,success,2854.8654755484595,2022-06-20,2022Q2,170746,Apartment,regular_sale,1962,1975000,-1.0,3,87.0,22701.15,"Klokkerhaven 2B, 2. th",2750,Ballerup,"Capital, Copenhagen",Zealand,0.0,7.7,3.73,E (Minimal),"Klokkerhaven 2B, 2. th, 2750 Ballerup",20833.333984375,8.965518469827547,Close (1-5km)
"Valby Langgade 213B, st. tv, 2500 Valby",12.48883577,55.67043037,success,5956.246509447768,2022-01-24,2022Q1,209834,Townhouse,regular_sale,1978,4700000,-2.0,4,81.0,58024.69,"Valby Langgade 213B, st. tv",2500,Valby,"Capital, Copenhagen",Zealand,0.0,7.7,3.73,D (Standard),"Valby Langgade 213B, st. tv, 2500 Valby",32500.0,78.53751201923077,Nearby (5-10km)
"Horsensvej 14, 1. th, 3000 Helsingør",12.59270469,56.02201557,success,23591.68596138969,2022-10-16,2022Q4,144516,Apartment,regular_sale,1965,1630000,-4.0,2,70.0,23285.715,"Horsensvej 14, 1. th",3000,Helsingør,North Zealand,Zealand,0.65,7.7,3.73,E (Minimal),"Horsensvej 14, 1. th, 3000 Helsingør",20600.0,13.037450697815533,Distant (>10km)
"Sigurd Rings Vej 40, 5200 Odense V",10.33774003,55.39682848,success,14740.941103545349,2022-10-06,2022Q4,148395,Villa,regular_sale,1951,1900000,0.0,5,95.0,20000.0,Sigurd Rings Vej 40,5200,Odense V,Fyn & islands,Fyn & islands,0.65,7.7,3.73,G/F (Pre-Insulation),"Sigurd Rings Vej 40, 5200 Odense V",14888.060546875,34.33583197106218,Distant (>10km)
"Lanternevej 20, 3630 Jægerspris",11.90677534,55.92998477,success,20422.883484586066,2022-10-06,2022Q4,148355,Summerhouse,regular_sale,1950,5150000,-13.0,4,134.0,38432.836,Lanternevej 20,3630,Jægerspris,North Zealand,Zealand,0.65,7.7,3.73,G/F (Pre-Insulation),"Lanternevej 20, 3630 Jægerspris",11855.669921875,224.1726211235625,Distant (>10km)
"Hvedevænget 11, 4270 Høng",11.27924993,55.50930731,success,46074.696172704855,2022-05-02,2022Q2,182996,Villa,regular_sale,1978,2000000,0.0,6,180.0,11111.111,Hvedevænget 11,4270,Høng,Other islands,Zealand,0.0,7.7,3.73,D (Standard),"Hvedevænget 11, 4270 Høng",8750.0,26.984129464285715,Distant (>10km)
"Assensvej 224D, 5642 Millinge",10.21383003,55.12949558,success,35177.102475327825,2023-02-09,2023Q1,124594,Townhouse,regular_sale,2006,2175000,0.0,2,79.0,27531.646,Assensvej 224D,5642,Millinge,Fyn & islands,Fyn & islands,1.75,3.31,4.79,C (Modern),"Assensvej 224D, 5642 Millinge",7972.97314453125,245.31216881445613,Distant (>10km)
"Tvedvangen 165, 2730 Herlev",12.42139633,55.73262565,success,942.6390271111286,2023-06-15,2023Q2,94940,Villa,regular_sale,1968,4235000,-6.0,6,136.0,31139.705,Tvedvangen 165,2730,Herlev,"Capital, Copenhagen",Zealand,2.6,3.31,4.79,E (Minimal),"Tvedvangen 165, 2730 Herlev",21951.21875,41.85866139266186,Immediate (<1km)
"Stadionvej 6, 6880 Tarm",8.59448225,55.87366258,success,18499.947883286542,2024-04-09,2024Q2,21607,Villa,regular_sale,1969,625000,-10.0,5,153.0,4084.9673,Stadionvej 6,6880,Tarm,South jutland,Jutland,3.6,1.13,4.34,E (Minimal),"Stadionvej 6, 6880 Tarm",6435.6435546875,-36.52589285836222,Distant (>10km)
"Skipperlodden 4, 4736 Karrebæksminde",11.65058316,55.18132385,success,58450.60389424903,2023-06-22,2023Q2,93248,Villa,regular_sale,1986,4150000,-3.0,4,171.0,24269.006,Skipperlodden 4,4736,Karrebæksminde,Other islands,Zealand,2.6,3.31,4.79,D (Standard),"Skipperlodden 4, 4736 Karrebæksminde",15102.041015625,60.70017181297281,Distant (>10km)
"Sønderstrandsvej 9, 4400 Kalundborg",11.10818763,55.65014221,success,44594.26455975724,2024-05-27,2024Q2,9322,Villa,regular_sale,1917,805625,-10.0,5,130.0,6197.115,Sønderstrandsvej 9,4400,Kalundborg,Other islands,Zealand,3.6,1.13,4.34,G/F (Pre-Insulation),"Sønderstrandsvej 9, 4400 Kalundborg",9974.5908203125,-37.870982920371596,Distant (>10km)
"Læssøegade 186. 1, 5230 Odense M",10.38344061,55.37473502,success,12874.212244285603,2024-04-16,2024Q2,19896,Apartment,regular_sale,1931,2850000,-5.0,3,75.0,38000.0,Læssøegade 186. 1,5230,Odense M,Fyn & islands,Fyn & islands,3.6,1.13,4.34,G/F (Pre-Insulation),"Læssøegade 186. 1, 5230 Odense M",18309.859375,107.53845904400892,Distant (>10km)
"Mellemgaden 11, 6720 Fanø",8.40481795,55.4470504,success,45415.296824638994,2024-06-23,2024Q2,2231,Summerhouse,regular_sale,1802,1250000,-17.0,2,41.0,30487.805,Mellemgaden 11,6720,Fanø,South jutland,Jutland,3.6,1.13,4.34,G/F (Pre-Insulation),"Mellemgaden 11, 6720 Fanø",13196.3857421875,131.03147545947823,Distant (>10km)
"Nicoline Kochs Plads 11, 6. 2, 8000 Aarhus C",10.22250191,56.16440976,success,70722.4129744735,2022-04-20,2022Q2,186556,Apartment,regular_sale,2022,2700000,0.0,2,58.0,46551.723,"Nicoline Kochs Plads 11, 6. 2",8000,Aarhus C,East & mid jutland,Jutland,0.0,7.7,3.73,B/A (High Efficiency),"Nicoline Kochs Plads 11, 6. 2, 8000 Aarhus C",35833.33203125,29.911788877608608,Distant (>10km)
"Havmøllevej 7, 8400 Ebeltoft",10.77180211,56.24803084,success,87626.21509613554,2022-05-15,2022Q2,179807,Farm,regular_sale,1802,3000000,0.0,5,208.0,14423.077,Havmøllevej 7,8400,Ebeltoft,East & mid jutland,Jutland,0.0,7.7,3.73,G/F (Pre-Insulation),"Havmøllevej 7, 8400 Ebeltoft",12857.142578125,12.179491366742434,Distant (>10km)
"Nitivej 20, 5. tv, 2000 Frederiksberg",12.53498887,55.69099669,success,5992.963972155587,2023-09-07,2023Q3,76541,Apartment,regular_sale,1997,4750000,-3.0,3,94.0,50531.914,"Nitivej 20, 5. tv",2000,Frederiksberg,"Capital, Copenhagen",Zealand,3.1,3.31,4.79,C (Modern),"Nitivej 20, 5. tv, 2000 Frederiksberg",36890.2421875,36.979079198407604,Nearby (5-10km)
"Nørreled 46, 6000 Kolding",9.45846575,55.52206904,success,30515.369704908368,2022-12-22,2022Q4,132509,Townhouse,regular_sale,1970,1975000,-1.0,4,130.0,15192.308,Nørreled 46,6000,Kolding,South jutland,Jutland,0.65,7.7,3.73,E (Minimal),"Nørreled 46, 6000 Kolding",13125.0,15.750915178571429,Distant (>10km)
"Lyngvejen 55, 6950 Ringkøbing",8.11631622,56.09274968,success,29092.85959265673,2022-11-07,2022Q4,140809,Summerhouse,regular_sale,2014,2675000,-12.0,4,97.0,27577.32,Lyngvejen 55,6950,Ringkøbing,South jutland,Jutland,0.65,7.7,3.73,B/A (High Efficiency),"Lyngvejen 55, 6950 Ringkøbing",12108.146484375,127.75839677928616,Distant (>10km)
"Vinderuphøjvej 9, 4171 Glumsø",11.73903965,55.36750983,success,38683.99677750972,2024-05-25,2024Q2,9898,Farm,regular_sale,1900,3000000,-8.0,5,186.0,16129.032,Vinderuphøjvej 9,4171,Glumsø,Other islands,Zealand,3.6,1.13,4.34,G/F (Pre-Insulation),"Vinderuphøjvej 9, 4171 Glumsø",9271.5234375,73.96312844689932,Distant (>10km)
"Lindevej 17, 4850 Stubbekøbing",12.03676655,54.8879318,success,81627.70431854755,2023-10-25,2023Q4,63890,Villa,regular_sale,1900,300000,0.0,3,58.0,5172.4136,Lindevej 17,4850,Stubbekøbing,Other islands,Zealand,3.6,3.31,4.79,G/F (Pre-Insulation),"Lindevej 17, 4850 Stubbekøbing",6904.797607421875,-25.08957005982346,Distant (>10km)
"Humlebækvej 33, 3480 Fredensborg",12.4591864,55.96760658,success,14774.12658908373,2023-11-22,2023Q4,56002,Villa,regular_sale,1967,4275000,-10.0,7,224.0,19084.822,Humlebækvej 33,3480,Fredensborg,North Zealand,Zealand,3.6,3.31,4.79,E (Minimal),"Humlebækvej 33, 3480 Fredensborg",19707.6396484375,-3.1602840011430766,Distant (>10km)
"Frederikslundsvej 3A, 2840 Holte",12.46625847,55.81292145,success,2567.0785825864536,2022-09-19,2022Q3,151754,Townhouse,regular_sale,1917,5237500,-4.0,4,100.0,52375.0,Frederikslundsvej 3A,2840,Holte,"Capital, Copenhagen",Zealand,0.0,7.7,3.73,G/F (Pre-Insulation),"Frederikslundsvej 3A, 2840 Holte",28056.5546875,86.67652027614982,Close (1-5km)
"Carl Blochs Gade 59, st. mf, 8000 Aarhus C",10.1924679,56.15374437,success,70596.5780102762,2023-12-31,2023Q4,45637,Apartment,regular_sale,2020,3145000,-5.0,3,75.0,41933.332,"Carl Blochs Gade 59, st. mf",8000,Aarhus C,East & mid jutland,Jutland,3.6,3.31,4.79,B/A (High Efficiency),"Carl Blochs Gade 59, st. mf, 8000 Aarhus C",35833.33203125,17.02325643253112,Distant (>10km)
"Ulstrup Vænge 21, 4400 Kalundborg",10.96836777,55.73380561,success,46186.578977458914,2023-05-28,2023Q2,99831,Villa,regular_sale,1970,750000,0.0,3,112.0,6696.4287,Ulstrup Vænge 21,4400,Kalundborg,Other islands,Zealand,2.6,3.31,4.79,E (Minimal),"Ulstrup Vænge 21, 4400 Kalundborg",9974.5908203125,-32.86512868978315,Distant (>10km)
"Skovbrynet 37, 4400 Kalundborg",11.0831712,55.68913128,success,46549.188306664415,2023-08-04,2023Q3,80712,Villa,regular_sale,1968,1645000,0.0,5,135.0,12185.186,Skovbrynet 37,4400,Kalundborg,Other islands,Zealand,3.1,3.31,4.79,E (Minimal),"Skovbrynet 37, 4400 Kalundborg",9974.5908203125,22.162259749650993,Distant (>10km)
"Vejlebrovej 97, 2. 61, 2635 Ishøj",12.36651897,55.6189293,success,9764.30503213347,2022-01-03,2022Q1,215368,Apartment,regular_sale,1975,1450000,-3.0,2,51.0,28431.373,"Vejlebrovej 97, 2. 61",2635,Ishøj,"Capital, Copenhagen",Zealand,0.0,7.7,3.73,E (Minimal),"Vejlebrovej 97, 2. 61, 2635 Ishøj",18181.818359375,56.37255023073682,Nearby (5-10km)
"Skovstjernevej 63, 7620 Lemvig",8.2789762,56.57712318,success,7446.212173277387,2023-03-31,2023Q1,113102,Summerhouse,family_sale,1973,1105000,0.0,4,97.0,11391.753,Skovstjernevej 63,7620,Lemvig,South jutland,Jutland,1.75,3.31,4.79,E (Minimal),"Skovstjernevej 63, 7620 Lemvig",7087.912109375,60.720854800385005,Nearby (5-10km)
"Enghaven 28, 8370 Hadsten",10.05023526,56.34779576,success,48114.1286415321,2023-04-24,2023Q2,108102,Villa,regular_sale,1984,1825000,-9.0,7,179.0,10195.53,Enghaven 28,8370,Hadsten,East & mid jutland,Jutland,2.6,3.31,4.79,D (Standard),"Enghaven 28, 8370 Hadsten",10308.9599609375,-1.1003019502433364,Distant (>10km)
"Herslev Kirkevej 55, 7000 Fredericia",9.58662097,55.58376669,success,36942.2062254678,2023-09-13,2023Q3,74787,Villa,regular_sale,1850,1700000,-3.0,10,299.0,5685.6187,Herslev Kirkevej 55,7000,Fredericia,South jutland,Jutland,3.1,3.31,4.79,G/F (Pre-Insulation),"Herslev Kirkevej 55, 7000 Fredericia",11223.40234375,-49.341398640048645,Distant (>10km)
"Jegstrupvej 114, 8361 Hasselager",10.10881981,56.09335618,success,72497.04635675874,2022-12-01,2022Q4,136483,Villa,regular_sale,1999,3575000,-2.0,4,140.0,25535.715,Jegstrupvej 114,8361,Hasselager,East & mid jutland,Jutland,0.65,7.7,3.73,C (Modern),"Jegstrupvej 114, 8361 Hasselager",16306.4697265625,56.59867078496751,Distant (>10km)
"Søvang Alle 25, 1. tv, 2770 Kastrup",12.64607344,55.63848256,success,13778.537365901691,2024-08-28,2024Q3,88737,Apartment,regular_sale,1918,2470000,0.0,2,59.0,41864.406,"Søvang Alle 25, 1. tv",2770,Kastrup,"Capital, Copenhagen",Zealand,3.35,1.13,4.34,G/F (Pre-Insulation),"Søvang Alle 25, 1. tv, 2770 Kastrup",22966.666015625,82.28334152426925,Distant (>10km)
"Møllevangen 28, 6800 Varde",8.46606213,55.63250519,success,26415.145776983496,2023-09-18,2023Q3,73846,Villa,regular_sale,1989,2100000,-9.0,6,127.0,16535.434,Møllevangen 28,6800,Varde,South jutland,Jutland,3.1,3.31,4.79,D (Standard),"Møllevangen 28, 6800 Varde",8878.7578125,86.23588955732652,Distant (>10km)
"Snerlevej 3, st. th, 9000 Aalborg",9.90637793,57.0339307,success,6144.8039132751,2023-09-11,2023Q3,75711,Apartment,regular_sale,1958,1398000,0.0,4,88.0,15886.363,"Snerlevej 3, st. th",9000,Aalborg,North jutland,Jutland,3.1,3.31,4.79,G/F (Pre-Insulation),"Snerlevej 3, st. th, 9000 Aalborg",19246.03125,-17.45641958650566,Nearby (5-10km)
"Hejrevænget 10, 6893 Hemmet",8.27363767,55.83433064,success,2429.7193323960764,2024-04-28,2024Q2,16732,Summerhouse,regular_sale,1972,855000,-4.0,5,82.0,10426.829,Hejrevænget 10,6893,Hemmet,South jutland,Jutland,3.6,1.13,4.34,E (Minimal),"Hejrevænget 10, 6893 Hemmet",10070.4228515625,3.5391388748358366,Close (1-5km)
"Krogen 7, 8560 Kolind",10.67279021,56.33639971,success,76237.18812890348,2024-09-02,2024Q3,87893,Villa,regular_sale,1900,370000,-7.0,5,102.0,3627.451,Krogen 7,8560,Kolind,East & mid jutland,Jutland,3.35,1.13,4.34,G/F (Pre-Insulation),"Krogen 7, 8560 Kolind",7278.74755859375,-50.16380361410423,Distant (>10km)
"Brunsegyden 16, 5690 Tommerup",10.23126891,55.34295697,success,13101.458017155946,2023-02-28,2023Q1,120442,Farm,regular_sale,1865,3600000,-5.0,7,316.0,11392.405,Brunsegyden 16,5690,Tommerup,Fyn & islands,Fyn & islands,1.75,3.31,4.79,G/F (Pre-Insulation),"Brunsegyden 16, 5690 Tommerup",7975.20654296875,42.84777719620922,Distant (>10km)
"Sankelmarksvej 10, 8600 Silkeborg",9.52175518,56.17419864,success,43237.26761545384,2024-03-05,2024Q1,29928,Villa,regular_sale,1985,3700000,-7.0,4,144.0,25694.445,Sankelmarksvej 10,8600,Silkeborg,East & mid jutland,Jutland,3.6,1.13,4.34,D (Standard),"Sankelmarksvej 10, 8600 Silkeborg",14794.48193359375,73.67587069173244,Distant (>10km)
"Hessensgade 25, 3. th, 2300 København S",12.61612017,55.66480242,success,10296.0977687071,2024-08-08,2024Q3,359129,Apartment,regular_sale,1965,2750000,-2.0,2,56.0,49107.145,"Hessensgade 25, 3. th",2300,København S,"Capital, Copenhagen",Zealand,3.35,1.13,4.34,E (Minimal),"Hessensgade 25, 3. th, 2300 København S",35377.359375,38.80952507142854,Distant (>10km)
"Aastrup Alle 101, 6100 Haderslev",9.56070209,55.27500863,success,29205.637400377676,2023-05-30,2023Q2,99335,Farm,regular_sale,1850,1310000,1.0,5,158.0,8291.14,Aastrup Alle 101,6100,Haderslev,South jutland,Jutland,2.6,3.31,4.79,G/F (Pre-Insulation),"Aastrup Alle 101, 6100 Haderslev",9858.14892578125,-15.89557318662201,Distant (>10km)
"Solsortevej 44, 7760 Hurup Thy",8.39629465,56.67329624,success,12366.709281080995,2023-08-09,2023Q3,79636,Summerhouse,family_sale,1973,510000,0.0,4,59.0,8644.067,Solsortevej 44,7760,Hurup Thy,South jutland,Jutland,3.1,3.31,4.79,E (Minimal),"Solsortevej 44, 7760 Hurup Thy",6200.0,39.42044165826613,Distant (>10km)
"Frimestervej 3, st. th, 2400 København NV",12.53660006,55.7065876,success,4259.570758367622,2023-09-18,2023Q3,73935,Apartment,regular_sale,1935,2350000,-2.0,2,68.0,34558.824,"Frimestervej 3, st. th",2400,København NV,"Capital, Copenhagen",Zealand,3.1,3.31,4.79,G/F (Pre-Insulation),"Frimestervej 3, st. th, 2400 København NV",31250.0,10.5882375,Close (1-5km)
"Nordostvej 11, 9300 Sæby",10.49561574,57.21428596,success,34881.64367625297,2023-04-09,2023Q2,111672,Villa,regular_sale,1966,1310000,-6.0,4,146.0,8972.603,Nordostvej 11,9300,Sæby,North jutland,Jutland,2.6,3.31,4.79,E (Minimal),"Nordostvej 11, 9300 Sæby",8620.689453125,4.082191892551372,Distant (>10km)
"Revlingbjerg 3, 6400 Sønderborg",9.80015058,54.92038719,success,25180.477306488174,2024-09-29,2024Q3,1441,Villa,regular_sale,1962,1395000,-7.0,4,100.0,13950.0,Revlingbjerg 3,6400,Sønderborg,South jutland,Jutland,3.35,1.13,4.34,E (Minimal),"Revlingbjerg 3, 6400 Sønderborg",10489.32080078125,32.99240498928202,Distant (>10km)
"Toksværd Bygade 57, 4684 Holmegaard",11.88376896,55.24907994,success,44691.298189436064,2023-06-03,2023Q2,98309,Villa,regular_sale,1926,735000,-8.0,3,91.0,8076.923,Toksværd Bygade 57,4684,Holmegaard,Other islands,Zealand,2.6,3.31,4.79,G/F (Pre-Insulation),"Toksværd Bygade 57, 4684 Holmegaard",10121.6220703125,-20.201299797067716,Distant (>10km)
"Genvej 6, 6950 Ringkøbing",8.11596951,56.08516511,success,28326.925958213214,2023-06-27,2023Q2,91821,Summerhouse,regular_sale,1973,1345000,-7.0,4,68.0,19779.412,Genvej 6,6950,Ringkøbing,South jutland,Jutland,2.6,3.31,4.79,E (Minimal),"Genvej 6, 6950 Ringkøbing",12108.146484375,63.35623404374412,Distant (>10km)
"Puglundvej 23, 6800 Varde",8.75327357,55.63693949,success,37041.08659348521,2024-02-02,2024Q1,37023,Farm,regular_sale,1938,290000,0.0,3,55.0,5272.727,Puglundvej 23,6800,Varde,South jutland,Jutland,3.6,1.13,4.34,G/F (Pre-Insulation),"Puglundvej 23, 6800 Varde",8878.7578125,-40.614135872047136,Distant (>10km)
"Mejerivej 34A, 4700 Næstved",11.77627779,55.25159968,success,47561.54481604812,2024-08-27,2024Q3,88905,Villa,regular_sale,1973,2250000,0.0,7,191.0,11780.1045,Mejerivej 34A,4700,Næstved,Other islands,Zealand,3.35,1.13,4.34,E (Minimal),"Mejerivej 34A, 4700 Næstved",11089.69873046875,6.225649393178486,Distant (>10km)
"Nis Petersens Vej 21, 7500 Holstebro",8.63076815,56.34918593,success,9856.564784802616,2024-04-04,2024Q2,22567,Villa,regular_sale,1953,1525000,-4.0,5,100.0,15250.0,Nis Petersens Vej 21,7500,Holstebro,South jutland,Jutland,3.6,1.13,4.34,G/F (Pre-Insulation),"Nis Petersens Vej 21, 7500 Holstebro",10259.25341796875,48.64629402067522,Nearby (5-10km)
"Tranegårdsvej 9B, 2900 Hellerup",12.57095931,55.73989541,success,2373.553587663121,2023-11-09,2023Q4,59641,Townhouse,regular_sale,1961,17500000,-5.0,6,255.0,68627.45,Tranegårdsvej 9B,2900,Hellerup,"Capital, Copenhagen",Zealand,3.6,3.31,4.79,E (Minimal),"Tranegårdsvej 9B, 2900 Hellerup",36235.20703125,89.39440049511585,Close (1-5km)
"Sverrigsvej 3, 4550 Asnæs",11.4988846,55.84405524,success,46040.12927809661,2024-05-26,2024Q2,9752,Summerhouse,family_sale,2005,977500,0.0,3,72.0,13576.389,Sverrigsvej 3,4550,Asnæs,Other islands,Zealand,3.6,1.13,4.34,C (Modern),"Sverrigsvej 3, 4550 Asnæs",10447.0947265625,29.953724238338165,Distant (>10km)
"Præstevænget 10, 6500 Vojens",9.30633876,55.24598626,success,15609.55987407319,2022-12-15,2022Q4,133950,Townhouse,regular_sale,1964,450000,-9.0,5,94.0,4787.234,Præstevænget 10,6500,Vojens,South jutland,Jutland,0.65,7.7,3.73,E (Minimal),"Præstevænget 10, 6500 Vojens",5914.28173828125,-19.056377451001033,Distant (>10km)
"Søndergade 43, 6520 Toftlund",9.06579297,55.18779177,success,16231.40822295443,2022-03-28,2022Q1,192283,Villa,regular_sale,1900,562500,-5.0,3,100.0,5625.0,Søndergade 43,6520,Toftlund,South jutland,Jutland,0.0,7.7,3.73,G/F (Pre-Insulation),"Søndergade 43, 6520 Toftlund",6302.52099609375,-10.749999825683593,Distant (>10km)
"Glatved Strandvej 39, 8444 Balle",10.86743046,56.31059545,success,86851.44942262268,2022-08-10,2022Q3,160083,Summerhouse,regular_sale,1922,1650000,-3.0,4,80.0,20625.0,Glatved Strandvej 39,8444,Balle,East & mid jutland,Jutland,0.0,7.7,3.73,G/F (Pre-Insulation),"Glatved Strandvej 39, 8444 Balle",5599.65283203125,268.32640555893835,Distant (>10km)
"Skovløkken 14, 5580 Nørre Aaby",9.83717488,55.40612909,success,17959.487980657992,2022-04-04,2022Q2,190251,Farm,regular_sale,1927,1995000,0.0,4,113.0,17654.867,Skovløkken 14,5580,Nørre Aaby,Fyn & islands,Fyn & islands,0.0,7.7,3.73,G/F (Pre-Insulation),"Skovløkken 14, 5580 Nørre Aaby",8310.18505859375,112.4485443226406,Distant (>10km)
"Drost Hessels Vej 6, 8800 Viborg",9.41935383,56.46106109,success,24564.70564967556,2023-10-05,2023Q4,69084,Villa,regular_sale,1920,2800000,-12.0,6,196.0,14285.714,Drost Hessels Vej 6,8800,Viborg,East & mid jutland,Jutland,3.6,3.31,4.79,G/F (Pre-Insulation),"Drost Hessels Vej 6, 8800 Viborg",11069.1826171875,29.058435127861937,Distant (>10km)
"Obstrupengen 16, 8320 Mårslet",10.14455679,56.08351447,success,71417.37964983992,2024-06-25,2024Q2,1507661,Villa,regular_sale,2016,6250000,-4.0,5,210.0,29761.904,Obstrupengen 16,8320,Mårslet,East & mid jutland,Jutland,3.6,1.13,4.34,B/A (High Efficiency),"Obstrupengen 16, 8320 Mårslet",17919.84765625,66.08346715768414,Distant (>10km)
"Balevej 9, 8544 Mørke",10.39488072,56.32475692,success,65618.56499203281,2024-08-01,2024Q3,707543,Villa,regular_sale,1877,1740000,-8.0,6,163.0,10674.847,Balevej 9,8544,Mørke,East & mid jutland,Jutland,3.35,1.13,4.34,G/F (Pre-Insulation),"Balevej 9, 8544 Mørke",8122.646240234375,31.42080011820732,Distant (>10km)
"Store Torvegade 131. 4, 3700 Rønne",14.70325879,55.11043272,success,154057.10263111157,2022-09-14,2022Q3,152493,Apartment,regular_sale,1941,1725000,0.0,3,78.0,22115.385,Store Torvegade 131. 4,3700,Rønne,Bornholm,Bornholm,0.0,7.7,3.73,G/F (Pre-Insulation),"Store Torvegade 131. 4, 3700 Rønne",8424.00927734375,162.52802006170631,
"H.C. Lumbyes Vej 83, 5270 Odense N",10.37484615,55.4624728,success,16344.159742886226,2024-09-03,2024Q3,87644,Villa,regular_sale,1963,1350000,-10.0,6,147.0,9183.674,H.C. Lumbyes Vej 83,5270,Odense N,Fyn & islands,Fyn & islands,3.35,1.13,4.34,E (Minimal),"H.C. Lumbyes Vej 83, 5270 Odense N",11016.94921875,-16.64049959951623,Distant (>10km)
"Rise Bygade 20, 6230 Rødekro",9.33417372,55.05842055,success,12552.70743268463,2024-02-07,2024Q1,36136,Villa,regular_sale,1960,615000,0.0,3,96.0,6406.25,Rise Bygade 20,6230,Rødekro,South jutland,Jutland,3.6,1.13,4.34,G/F (Pre-Insulation),"Rise Bygade 20, 6230 Rødekro",6861.605224609375,-6.636278388273174,Distant (>10km)
"Jernbanegade 12, 2, 6933 Kibæk",8.85272004,56.03281787,success,33859.08214218972,2023-10-17,2023Q4,65888,Apartment,regular_sale,1882,850000,0.0,2,53.0,16037.736,"Jernbanegade 12, 2",6933,Kibæk,South jutland,Jutland,3.6,3.31,4.79,G/F (Pre-Insulation),"Jernbanegade 12, 2, 6933 Kibæk",6666.66650390625,140.5660507950696,Distant (>10km)
"Biltris Gade 23, 4070 Kirke Hyllinge",11.93183003,55.72409268,success,15801.15296702194,2023-03-27,2023Q1,114246,Villa,regular_sale,1914,2430000,-3.0,3,135.0,18000.0,Biltris Gade 23,4070,Kirke Hyllinge,Other islands,Zealand,1.75,3.31,4.79,G/F (Pre-Insulation),"Biltris Gade 23, 4070 Kirke Hyllinge",11818.181640625,52.30769459596897,Distant (>10km)
"Isfuglen 9, 8940 Randers SV",10.01679456,56.44763817,success,38810.86053276228,2024-09-10,2024Q3,42334,Townhouse,regular_sale,2021,2795000,-3.0,4,124.0,22540.322,Isfuglen 9,8940,Randers SV,East & mid jutland,Jutland,3.35,1.13,4.34,B/A (High Efficiency),"Isfuglen 9, 8940 Randers SV",9285.7138671875,142.74194303223902,Distant (>10km)
